from,to
Bison and Bee Honey,Western Montana Growers Cooperative
Charlie's Produce,Good Food Store
Charlie's Produce,Natural Grocer's
Clark Fork Organics,Western Montana Growers Cooperative
Clark Fork Organics,Missoula Farmers Market
Clark Fork Organics,Good Food Store
County Rail Farm,Clark Fork Market
County Rail Farm,Western Montana Growers Cooperative
Deluge Farm,Western Montana Growers Cooperative
Dixon Melons,Western Montana Growers Cooperative
Dixon Melons,Missoula Farmers Market
Dixon Melons,Clark Fork Market
Dude's Organic Farm,Western Montana Growers Cooperative
Elk Creek Colony,Western Montana Growers Cooperative
Five Fox Farm,Western Montana Growers Cooperative
Flathead Lake Cheese Co.,Western Montana Growers Cooperative
Flathead Lake Cheese Co.,Missoula Farmers Market
Flathead Lake Cheese Co.,Clark Fork Market
Foothill Farm,Western Montana Growers Cooperative
Forbidden Fruit Orchard,Western Montana Growers Cooperative
Forbidden Fruit Orchard,Missoula Farmers Market
Fourth Wave Farm,Western Montana Growers Cooperative
Fresh Roots Farm,Western Montana Growers Cooperative
Ginger Roots Farm,Western Montana Growers Cooperative
Glacier Tilth Farm,Western Montana Growers Cooperative
Good Steward Farm,Western Montana Growers Cooperative
Green Blade Farm,Western Montana Growers Cooperative
Harlequin Organic Produce,Western Montana Growers Cooperative
Harlequin Organic Produce,Clark Fork Market
Hilltop Haven,Western Montana Growers Cooperative
Home Acres Orchard,Western Montana Growers Cooperative
Home Acres Orchard,Good Food Store
Lifeline Farm,Western Montana Growers Cooperative
Lifeline Farm,Good Food Store
Lifeline Produce,Western Montana Growers Cooperative
Lifeline Produce,Good Food Store
Lifeline Produce,Missoula Farmers Market
Lowdown Farm,Western Montana Growers Cooperative
Mission Mountain Food Enterprise Center,Good Food Store
Mission Mountain Organic Eggs,Western Montana Growers Cooperative
Mission Mountain Organic Eggs,Good Food Store
Moss Farm,Western Montana Growers Cooperative
Mother Fungi,Western Montana Growers Cooperative
Mother Fungi,Good Food Store
Mountain Spring Farm,Western Montana Growers Cooperative
Paradise Gardens,Western Montana Growers Cooperative
Paradise Gardens,Missoula Farmers Market
Ploughshare Farm,Western Montana Growers Cooperative
Ploughshare Farm,Missoula Farmers Market
Ramrock Orchard,Western Montana Growers Cooperative
Sophie's Farm,Western Montana Growers Cooperative
Sophie's Farm,Missoula Farmers Market
Spencer's Valley View Farm,Western Montana Growers Cooperative
Spencer's Valley View Farm,Good Food Store
Sweet Root Farm,Western Montana Growers Cooperative
The Orchard at Flathead Lake,Western Montana Growers Cooperative
"Timeless Seeds, Inc.",Western Montana Growers Cooperative
"Timeless Seeds, Inc.",Mission Mountain Food Enterprise Center
Western Montana Growers Cooperative,Natural Grocer's
Western Montana Growers Cooperative,Good Food Store
Western Montana Growers Cooperative,Pattee Creek Market
Western Montana Growers Cooperative,Orange Street Food Farm
Wild Plum Farm,Western Montana Growers Cooperative
Wustner Brothers Honey,Western Montana Growers Cooperative