name,id,top_kpop,genre,followers
 Relax Beer,04BxwccHO4U2wMwVLvYTLO,0,[],2
 KAHI,04C0MPapc1HXpTbspJhmWg,0,[],0
 LE,04JxNGSux7QdmrCvnQowyr,0,[],42
Sunwoojunga,04L3elxyr0XFua2Ek3domW,0,"['k-indie', 'korean pop']",94884
 Miso,04xEkodoWyFji8icX911jM,0,"['korean electropop', 'korean r&b']",79729
 Symba,06S3fr7xEES7e3QPXhu3ay,0,[],66557
 Tommy “TBHits” Brown,06moEoVtCKweJmGYid8vU7,0,[],5
m-flo loves Sik-K & eill & 向井太一,072YnMT5EniZhvDssXL2VB,0,[],864
 Sebastian Yatra,07YUOmWljBTXwIseAUd9TW,0,"['colombian pop', 'latin pop', 'reggaeton', 'reggaeton colombiano', 'urbano latino']",21528453
 Jason Derulo,07YZf4WDAMNwqr4jfgOZ8y,0,"['dance pop', 'pop']",11822509
 Uneducated Kid,08KbKkPqaYNFYM9R5eMjuM,0,['k-rap'],31588
 DJ Light,08Wl6RGRGdv6gj5Xwq0N2b,0,[],122
 Spray,08yoNApAYvtzOK5P3qZKw8,0,['korean underground rap'],3475
 JUPITER,09KeT4dkVIveN5OpVOCPeU,0,[],257
Yang Hee Eun,0BD74hBusWzcPz44wFskYb,0,"['classic korean pop', 'korean singer-songwriter']",10962
 태양,0BeIulKOpcvsabwlt4u8qp,0,[],8010
 Whee In,0BqRGrwqndrtNkojXiqIzL,0,"['k-pop', 'korean ost']",845224
 Guaynaa,0BqURncJM5B1BBu7UM51eq,0,"['reggaeton', 'reggaeton flow', 'urbano latino']",798926
 Selena Gomez,0C8ZW7ezQVs4URX5aX7Kqx,0,"['pop', 'post-teen pop']",42246229
 JUSTHIS,0Ch0t9gI47Lkal71uQnmV3,0,['k-rap'],121300
THE BOYZ,0CmvFWTX9zmMNCUi6fHtAx,1,"['k-pop', 'k-pop boy group']",2479199
 Song Ji Eun,0D40an6y5Cv6sRzMGsRRQ8,0,"['k-pop', 'korean pop']",104467
 Lena,0EmA3wlv6dnf3Pc9SINsvA,0,[],4978
 NLE Choppa,0ErzCpIMyLcjPiwT4elrtZ,0,"['memphis hip hop', 'rap']",6153597
WENDY,0FRUZvZNPzM3YJMABJxf2K,0,"['k-pop', 'korean pop']",827651
 HUR YOUNG JI,0FUmt6iMoB9sJpxZuWkOI5,0,[],987
 이준기,0Fi1eTFqrg9XXYFPWwx2aw,0,[],264
 JERIDE,0GGPhh2cCGEIQAQbQXBd0c,0,[],197
Sarah Barrios,0HJsX1aTdgG1VDIRDiseSJ,0,['alt z'],30547
 Bray Of Skooby Doo,0HsHzgPuTPNiTVMfCz23kw,0,[],4
 Coogie,0IznZPMUyaPGdqfP4oqBja,0,['k-rap'],168400
 Leessang,0JGN9XIqm3vfg7hhPHjExI,0,['korean pop'],60715
 GASHI,0JOxt5QOwq0czoJxvSc5hS,0,[],235666
 IN SEONG,0JxQHl0AkdY6GI3C5gtFeo,0,[],1174
 SUMIN,0K4MGKGmjtdIE0W3GkGmyU,0,"['korean city pop', 'korean electropop', 'korean r&b']",56190
vaultboy,0K87f3owemzI8NUCoEIXOB,0,[],164486
 20 Years of Age,0KaZcu3pEVHfYOnB62eLFp,0,"['k-indie', 'korean pop']",30121
 Tacyeon,0Ko62GQsAMXCNCKNUTmfWz,0,[],13
 Ye Ali,0Maq4Nk8ZM6keGZjTCXGIH,0,"['indiana hip hop', 'trap soul']",45979
 ROCOBERRY,0Mt9IxntWHsf793bLZhQ9P,0,"['k-indie', 'k-pop', 'korean pop']",55935
 Alok,0NGAZxHanS9e0iNHpR8f2W,0,"['electro house', 'pop nacional', 'sertanejo universitario', 'slap house']",12128452
Jang Won Ki,0O8LdVYrZzNAClMUdQhyGA,0,[],15
Crayon Pop,0ODX6aegsZkBmBeMA5qqwi,1,"['k-pop', 'k-pop girl group']",155750
 CIFIKA,0OK6Xs5X1kHs07y68n65CQ,0,"['k-indie', 'korean electropop']",26206
 IDIOTAPE,0OmQCkk1rR3DJ0Y2NRxp6Z,0,"['k-indie', 'k-rock', 'korean electronic', 'korean electropop']",8246
 ARMNHMR,0P2bZXPyjHYRW4guHVAFl1,0,"['melodic dubstep', 'pop edm']",96964
 SUPERBEE,0Q5XzDpn7DCI5jlubok4xb,0,['k-rap'],84986
 Ugly Duck,0Qr4St9aCOLu41Nt5QZIz1,0,['k-rap'],9671
 Lim Hyunsik,0SA2I3s4t7hmv1XVvky9Po,0,['korean singer-songwriter'],45679
Girls' Generation,0Sadg1vgvaPqGTOjxu0N6c,1,"['k-pop', 'k-pop girl group']",2406447
 MC 몽,0St0PvgohErtWfC6qnJHpN,0,[],0
 ＦＰＭ,0TGGLJ8adXSsX0v9bNCEAa,0,[],10
 Na Yun Gwon,0UCjY4RwfRkBzabQbwykhT,0,[],56
CHEN,0UEP2XBR9aC5NBKcAKnBIq,1,['k-pop'],1545156
 B.I,0UntV1Bw2hk3fbRrm9eMP6,0,['k-pop'],646199
 Slom,0UswO8FFKS2tv6dzyNyJLD,0,[],21077
 Mellow,0UxCpjmjcmJUWcRGmd8BZk,0,[],126
HONNE,0Vw76uk7P8yVtTClWyOhac,0,['uk pop'],1507637
 J'Kyun,0WIKW2eVuPbK5vQ0AIDtMQ,0,"['k-rap', 'korean underground rap']",9566
 Superorganism,0Wkm45quqfx3NepJpXDvwE,0,['art pop'],234200
 taalthechoi,0Wz3NC2nQgeV1titlYTj4C,0,[],84
Ellie Goulding,0X2BH1fck6amBIoJhDVmmJ,0,"['indietronica', 'metropopolis', 'pop', 'uk pop']",11942874
MAMAMOO,0XATRDCYuuGhk0oE7C0o5G,1,"['k-pop', 'k-pop girl group']",6722664
 조PD,0XJH7kCmbiKeYfAFSHpYuN,0,[],24
 kamome sano,0XraR5DqW6Vpp86omsB88K,0,['kawaii future bass'],14009
 Lee Young Ji,0Y2AcMPMpeuPXtPQGVvRBq,0,['korean trap'],154588
ABLE,0Y669kGV5Gru5RaumXTxtV,0,[],17699
 Mako,0Ye4nfYAA91T1X56gnlXAA,0,['pop edm'],113249
 인크레더블,0YhDHW8UkDzlw6ZNJtZZXk,0,[],130
 XIA,0ZHbYuRbvC4tWW0iOdybwi,0,['korean pop'],83185
 Nuol,0ZYQRDQ7V5rIbzg565VHAh,0,['k-rap'],3235
 DALsooobin,0ZjVwJw2cFymrcIwmGuVEl,0,['korean electropop'],14368
j-hope,0b1sIQumIAsNbqAoIClSpy,1,"['k-pop', 'k-rap']",14644327
End of the World,0b59cVa1STVENq3i7wkcHV,0,[],52195
 347aidan,0bBz5bRBkExaej2HxtVfCw,0,['sad rap'],421360
 DJ Juice,0bJKaJ5AdUz5nDFDRGfKPJ,0,[],891
YOON DU JUN,0bjyZMw6TzPhXSp2PoKXx7,0,[],9922
 초신성,0buWcDodnGf3u36oAQPHzW,0,[],161
 MBA,0c6EF9zv5mQX7pkyrPawKS,0,"['k-rap', 'korean trap']",6799
 Tommy Brown,0ctSbHMEV1hrOkGvEnciDr,0,[],214
 Mad Clown,0dX6tgZKWpamoFHFuXFhwd,0,"['k-pop', 'k-rap', 'korean pop']",119695
 Valentino Khan,0deIjoDjl9g9Zpw0sCIOHh,0,"['brostep', 'edm', 'electro house', 'electronic trap', 'moombahton']",230194
 Rahmania Astrini,0e5blBgpur3Y18wS1bzXQC,0,"['indonesian pop', 'indonesian r&b', 'indonesian singer-songwriter']",177496
 ONF,0eEhOgZ2x6kv8kLz77WO7b,0,"['k-pop', 'k-pop boy group']",609743
 SUGA,0ebNdVaOfp6N0oZ1guIxM8,0,['k-pop'],2333423
 CHROMANCE,0fEj1fYIQwWj1bzzAto9rp,0,['modern indie pop'],33229
 G.Soul,0fLesFHNsJpalRtqzSYxnd,0,[],358
 Yiruma,0fauHpmSHwodVYIjTqOGHz,0,"['korean instrumental', 'neo-classical', 'new age piano']",1030635
 RYEOWOOK,0fwfMuz3AmWRy2pyM5fDRo,0,"['k-pop', 'korean pop']",204424
Spott,0gQWoLdyMfjBGGITOMhTh8,0,[],430
TOMORROW X TOGETHER,0ghlgldX5Dd6720Q3qFyQB,1,"['k-pop', 'k-pop boy group']",7966311
$tupid Young,0h0C8mMT21p0Ixq6qO1UMH,0,"['asian american hip hop', 'cali rap']",121523
 Kwon Jeong Yeol,0hQlsGzFtLvitALhayW7HD,0,[],260
 Gummy,0hRHbwZ0xSwfVHl4FTv7jq,1,"['k-pop', 'korean pop']",306410
Yoon Jong Shin,0hW1muryuCdZLfjoLrUhnw,0,['korean pop'],57128
KOLAJ,0hhL0iOf9ebHlwxWQyeH2w,0,['indie poptimism'],7398
 KYUHYUN,0il5ZP3xYOECtONJtZ38Ln,0,['k-pop'],374400
 Rothy,0jUn8CXobOt0IixyR72una,0,['korean pop'],190034
 Black Belt,0jiiP0IU9wLNybrIucmB6T,0,[],232
 dj friz,0js3wKXyi7RL11sfOykRt1,0,['k-pop'],2520
PARK WOO JIN,0kS1oLtVdBidgH2aKloRKR,0,['k-pop'],131048
 eaJ,0kX41bvrBQtgqSEXbmTzMN,0,['game mood'],135414
 HavyT,0n0aXN4cGCEJnKuOhYsYUB,0,[],4
 OG Maco,0nvvVQhPQGkYTJlThLbJeu,0,['atl hip hop'],147714
Mozart La Para,0odliLZMTk45CEVzF3Zocl,0,"['dembow', 'rap dominicano']",406458
 TAEHYUN,0ojbIKPNnbwRqKpAJxcIaP,0,[],18384
 Takanori Nishikawa T.M.Revolution,0pPQ5V1o6LrB7wdt9yzUkM,0,[],626
 Ji Dam Yook,0q5mCOaqzgDnmthha6f4W7,0,[],129
 Ahn Ye Eun,0qQQYIK5Sxnzt72fGyTcvs,0,"['joseon pop', 'korean singer-songwriter']",48030
 Dok2,0rW6fVd3yuW2CF2sLYWQtE,0,"['k-rap', 'korean old school hip hop']",121208
JONG UP (B.A.P),0sSAFVekiDtX7PXDQvHnlK,0,[],5853
 JOY,0sYpJ0nCC8AlDrZFeAA7ub,0,['k-pop'],695104
 DPR LIVE,0siBQaURCli5wn2lqv8WZg,1,['korean r&b'],935289
 YUMDDA,0su5mZ6qhvOUhz7ckEx8rR,0,['k-rap'],49124
 PARK JI HOON,0tBYMeHDDJCzRuREuCTWi7,0,['k-pop'],318820
 젓가락형제,0tCF3alKq0KqzEn0iaEqIP,0,[],27
 Jaira Burns,0tRFWXqKBBQcu5oFVOgVzX,0,['alt z'],433911
 Gaeko,0tkHE1pQ5ZCgQb8WZ0ba79,0,"['k-rap', 'korean r&b']",121350
 CL,0tzSBCPJZmHTdOA3ZV2mN3,1,['k-pop'],1122400
 Chancellor,0u06YeydlBk3awnk5KgdBx,0,['korean r&b'],37425
 Robin,0vOvj6PPR7vcw2oMCHjW9Z,0,[],2
 Reik,0vR2qb8m9WHeZ5ByCbimq2,0,"['latin arena pop', 'latin pop', 'mexican pop', 'reggaeton']",8246474
 Xydo,0vcbn6MqAvgM8Gh6wh8d6X,0,['korean r&b'],38107
 Lindgren,0vk7Ds4u6waswHkzrfACVg,0,[],90
 QM,0wMU0ruU41VLCAdBaWBo1j,0,"['k-rap', 'korean underground rap']",6139
Gina,0yLJhwFVWO6K7sDah3PUdL,0,[],248
 Akon,0z4gvV4rjIZ9wHck67ucSV,0,['dance pop'],3743787
 VICTON,0ziR2zN0NFcB4x1G3P8cW3,0,"['k-pop', 'k-pop boy group']",886212
Trouble Maker,0ztjVBmFk6OuHq6XBBwMI9,0,['k-pop'],192102
 Crispi Crunch,10ec6gfQc8j9tzB8yq7MGF,0,['k-rap'],922
Dalshabet,10xsuRNvidaOLxWd3fRIel,1,"['k-pop', 'k-pop girl group']",173823
 Tiger JK,11S00dFcvNvJahis8MTGMD,0,['k-rap'],35923
Lee Seung Gi,12AUp9oqeJDhNfO6IhQiNi,1,['korean pop'],167135
 Ko Youngbae,135TOw1jqM2Bolkngy62nS,0,[],382
 Wiz Khalifa,137W8MRPWKqSmrBGDBFSop,0,"['hip hop', 'pittsburgh rap', 'pop rap', 'rap', 'southern hip hop', 'trap']",11032776
 KHAN,13jYpBHek9LD68d1ZwWmu5,0,[],5854
Girl's Day,13kJgvU22LHMsJtGWLmx7W,1,"['k-pop', 'k-pop girl group']",706600
 TAEMIN,13rF01aOogvnkuQXOlgTW8,1,['k-pop'],2677268
 Crown J,14D73AR7J5qqIzJwplkcda,0,['koligeet'],45408
MBLAQ,14f1WN9TUDVBK4sHUStmLG,1,"['k-pop', 'k-pop boy group']",296769
SE7EN,14yLuCwlBqteUdBqx9soJV,1,['k-pop'],160379
 KANG MINKYUNG,15Dv0lqpiL5zD6OqqwUEP4,0,['korean pop'],6339
 ELO,15KDb2KpZRvX1updtyinK1,0,"['k-rap', 'korean r&b']",30898
 U Sung Eun,15UyjlO0ZuDaSjXUGytDbI,0,['korean pop'],19309
YOON GUN,15dggb3DQ4suwIfBmqb3nm,0,[],2205
 JVKE,164Uj4eKjl6zTBKfJLFKKK,0,"['modern indie pop', 'pov: indie']",2302844
 Naeun,16Jm6AxcL9XKkwOemxmbXc,0,[],562
inverness,17aCDXnpzF1XYVe0QrsRvs,0,[],11553
 2 Chainz,17lzZA2AlOHwCwFALHttmp,0,"['atl hip hop', 'hip hop', 'pop rap', 'rap', 'southern hip hop', 'trap']",7818478
 Megan Thee Stallion,181bsRPaVXVlUKXrxwZfHK,0,"['houston rap', 'pop', 'rap', 'trap queen']",7682516
Jinho,181zIaSqvjAgUXxn7DkM3e,0,['korean ost'],858
Letter flow,19jNQxmNBaXJlXdvLHtrHY,0,[],468
BLACK NINE,1ADmxFIIuFl44lr14SZLoI,0,"['k-rap', 'korean trap']",1881
 NewKidd,1ASod2UqIYzO1NGvj1zTgW,0,['k-pop boy group'],39408
 Moon Kyoo,1AhVoVOXXDOP5pkhUvoSjH,0,[],625
88rising,1AhjOkOLkbHUfcHDSErXQs,0,['asian american hip hop'],894357
 Jeon Hyun Moo,1B4Fp50pmqvpiAZYJ23PMx,0,[],12
miss A,1BEohdSWSBggmO979tzRwW,1,"['k-pop', 'k-pop girl group']",900313
Mid Darth,1BTWuxfuMUSRMzVQ6qTtWF,0,[],22
 Kisum,1CArfopvfCxakFJHup55FW,0,['korean pop'],78667
 Fanxy Child,1CBjkH9nDLzLdyjXnwsXyv,0,[],4314
 The Word Alive,1CF8aEN939swnuIZGFI7Hk,0,"['melodic metalcore', 'metalcore', 'trancecore']",312397
 Svng,1CQSDDqF3X7UBkeOTowhxA,0,[],167
 Hanhae,1CjHzclPOS2unF1vRtgurF,0,['k-rap'],25876
 BEKA,1ClmHgLorY9RUCIvsTdT7A,0,['uk pop'],15404
 David Guetta,1Cs0zKBU1kc0i8ypK3B9ai,0,"['big room', 'dance pop', 'edm', 'pop', 'pop dance']",25985974
Yoon Mirae,1Do4bSzfUl0KWL9r1fITu0,0,"['k-pop', 'korean ost', 'korean pop', 'korean r&b']",281646
 Jisun,1FY6b8FV3KmqbQnY07T1f0,0,[],2737
 Han Sang Won,1FvLMWYal74XUTRzfaUAc9,0,[],112
 NATTI NATASHA,1GDbiv3spRmZ1XdM1jQbT7,0,"['latin pop', 'rap latina', 'reggaeton', 'urbano latino']",9054412
Lady Gaga,1HY2Jd0NmPuamShAr6KMms,0,"['art pop', 'dance pop', 'pop']",26396005
 Jeon So Min,1J3BfBC9Z9VRIpEUB64Rbw,0,[],639
 WOOSEOK,1JVVY2kKddJ0JkDkbEZk4V,0,[],15881
 Siilva,1Ju0lsag81P0VNBByS6R23,0,[],1313
 아이린,1KI2jxgNu5JCizqylCSFj5,0,[],5
 PARK NA RAE,1KazuhqoAgXY7FXbiEZ93B,0,[],21
 ERIK,1L1VfizWn4DkFt602yD80U,0,['v-pop'],811685
 J.seph,1LCD1ZKF5V4lWQKf5810yx,0,[],467
 MoonMoon,1LOeaOZCreokgQaauWT5rV,0,['k-indie'],86233
 Thur,1LvNe813XqkhzNmZH0UHLO,0,[],15
 PENOMECO,1MAUqH0haKBYbjpknTfreY,0,"['k-rap', 'korean r&b']",306719
 ZENE THE ZILLA,1MMbv4LTpwbh2APtXuwaZN,0,"['k-rap', 'korean hyperpop', 'korean trap', 'korean underground rap']",28528
 D-LITE,1OQxmfKN9UG5C7nr4MkasO,0,[],139334
 NARSHA,1OWVHV30ai3o8cgOTBVd72,0,[],13682
 SULLI,1OjcBoc71FwlzD5cJGx7xk,0,['k-pop'],260315
 오현우,1PQQMG99o0K7BBYAwVpTqf,0,[],51
 Kanto,1Pr77yszl1ikj6k9sy4Cju,0,['k-rap'],10477
Beast,1Pr9gT0veB2tgcisQeIGoC,1,"['k-pop', 'k-pop boy group']",469465
T-ARA,1R52cwGf75yTf7I3Q0Irf8,1,"['k-pop', 'k-pop girl group']",787163
HYUKOH OHHYUK x INWOO,1RUonXSUvmmDfQOp2CQuCH,0,[],5
 Jung AH,1SYHnHX97OjM7hHhxlAq1T,0,[],0
J.Y. Park,1TTx0YcbKUtJIZY1HEnh9B,1,['classic k-pop'],113444
 CORSAK,1TcbdifqhtxLz77unBYJ7z,0,['chinese electropop'],38063
 Microdot,1ToWoFmtIc9NTPFy7lR690,0,['k-rap'],6392
 Quintino,1V3VTM7VspiQjcmRhC010n,0,"['dutch edm', 'dutch house', 'edm', 'electro house', 'pop dance', 'progressive electro house', 'slap house']",624742
 Bizniz,1VZmQVn38jR2UG7QSWNoYw,0,['k-rap'],900
NAYEON,1VwDG9aBflQupaFNjUru9A,1,['k-pop'],969377
Pink Sweat$,1W7FNibLa0O0b572tB2w7t,0,['bedroom soul'],1679648
 한겨울,1WLp3CeL7X1Ic7DTu67CCP,0,[],0
K.Will,1XNC9ksvgXeD1xRJruSA5t,0,"['k-pop', 'korean pop']",358766
PARK WON,1XujSdsxykPhP3dn6HaT4l,0,['korean pop'],108543
 Zara Larsson,1Xylc3o4UrD53lo9CvFvVg,0,"['pop', 'scandipop', 'swedish electropop', 'swedish pop']",10386278
 Habstrakt,1YYJxpOXYk1z1WtqdeLMkn,0,"['bass house', 'dubstep', 'electro house', 'electronic trap', 'filthstep']",117998
 B.A.R.S,1ahnpDxkjOKgm9VydpzCKr,0,[],262
 Tae Woo Kim,1b5dXQjWYLpMLY5VXElc8P,0,[],8
 Lil Playy,1d5znoU7LGiCy3H8TMtLWg,0,[],1586
Urban Zakapa,1dOMFM5wDNsENQQW0nl0K8,1,['korean pop'],202564
Kim Jang Hoon,1dXv5kexTtGYeykDWAnTCg,0,[],229
 U-KWON,1dpFCgmBpElH7pcsfSfXqG,0,[],24065
 Moon Byul,1eTft3tXynrKdo6XD7QHLL,0,['k-pop'],1118183
 MILLI,1eVPKI2R4NlX6P5FIuMXis,0,"['thai hip hop', 'thai pop', 'thai trap']",274520
 유빈 of Wonder Girls,1eaKmXYQ1g9M2DPXpnD6sY,0,[],63
 Kim Lip,1fsR8q6ObgP7rLBYdZZD7i,0,[],1825
 YANG YO SEOP,1fwMtpwCEJovQuyxSuHcAd,0,"['k-pop', 'korean pop']",55145
NCT DREAM,1gBUSTR3TyDdTVFIaQnc02,1,"['k-pop', 'k-pop boy group']",6513338
DAE HYUN (B.A.P),1htPJUlogkZBjbKp86uuLF,0,[],6874
 Ozuna,1i8SpTcr7yvPOmcqrbnVXY,0,"['puerto rican pop', 'reggaeton', 'trap latino', 'urbano latino']",36674952
 KIM DONG HAN,1iGenyJQdF1y4bV4GAvNmW,0,['k-pop'],114971
NU'EST,1iQfn1B8V25iQoolQakyAZ,1,"['k-pop', 'k-pop boy group']",1008715
 Mokyo,1kRGgLBLwdQ16TxyfN1YgP,0,['korean r&b'],93480
 Jackson Wang,1kfWoWgCugPkyxQP8lkRlY,0,['k-pop'],3838840
2NE1,1l0mKo96Jh9HVYONcRl3Yp,1,"['dance pop', 'k-pop', 'k-pop girl group']",2392750
 Olltii,1l1VfoWjli9N3MJH2tAWCA,0,"['k-rap', 'korean trap']",5707
 JAMBINO,1lcuNfp7bo4LCAHWrjAR9K,0,[],4824
After School,1loWI8jVk9btgJXHgqHXPD,1,"['k-pop', 'k-pop girl group']",342444
 SURAN,1mORehSVEd7lcaT2d7Sl2K,1,"['k-pop', 'korean r&b']",1069174
 ESAI,1mv8s2gObjHHdnlSGVW1pE,0,[],800
 Reiley,1nHcGkMVml7a44TVwfrAN8,0,[],13811
 Bea Miller,1o2NpYGqHiCq7FoiYdyd1x,0,"['alt z', 'pop', 'talent show']",2995410
 ILLSON,1o3mKG33qvuXI2s3HXTkYd,0,['k-rap'],10725
Jimin,1oSPZhvZMIrWW5I41kPkkY,1,['k-pop'],5246710
 Rauas,1ogGHXBZD13CHeAbt2su66,0,[],6
 김화영,1pEirsoHYEMB0rxhzNkXeU,0,[],0
$ÜN,1pKLKBc699vwGpEWRii5eb,0,[],8481
 Rich The Kid,1pPmIToKXyGdsCF6LmqLmI,0,"['atl hip hop', 'melodic rap', 'plugg', 'rap', 'trap']",3051503
 RYU HYUNJIN,1q05ZqOVRRBnsbhAB1FDdL,0,[],44
 Ja Mezz,1q1Fe4tXiu1Weq4U0uhqPi,0,['k-rap'],25696
 Lilas Ikuta,1qM11R4ylJyQiPJ0DffE9z,0,"['j-pop', 'japanese teen pop']",430012
 JinSoul,1rAZr0bwMTcobwrOFHhfJr,0,['korean ost'],10730
 LEE CHANGSUB,1rp5HzWaNwgauM5W5YmZ3U,0,['korean talent show'],46324
Eddy Kim,1sVSMPPNMMSZ7cQNfbvMOe,1,"['k-pop', 'korean pop', 'korean singer-songwriter']",362061
HENRY,1sjw4xq2pAWy5Vdgba5QAt,1,['k-pop'],483629
 KEN THE 390,1tcHKxlx0TZ6MkHGO4QYv3,0,[],41316
 Brave sound,1uEmHEZ4LdKTArYrXk09bP,0,[],0
Lee Pil Ho,1uEtbyROUf6Za2kJKzm4DZ,0,[],12
 Jooyoung,1vct46rBqLNRbE9wCibXUH,0,['korean r&b'],211243
 MOTi,1vo8zHmO1KzkuU9Xxh6J7W,0,"['dutch house', 'edm', 'electro house', 'pop dance', 'progressive electro house', 'progressive house']",256801
 IRIN,1vttSluVztvILtXVXVeqtu,0,[],3
PENTAGON,1wKpMkucynaTfG8lyPprYV,1,"['k-pop', 'k-pop boy group']",2123414
 MARIO,1wLXYnlqlJNSFfNlsqEsbC,0,[],49
EXID,1xs6WFotNQSXweo0GXrS0O,1,"['k-pop', 'k-pop girl group']",1506840
Red Velvet,1z4g3DjTBBZKhvAroFlhOM,1,"['k-pop', 'k-pop girl group']",8364750
 T.O.P,1zL2FNzZEsXy5tzEhaQCFP,0,[],1434
 Keanu Silva,1zLMhO4zzzxt5PMV4wMS3y,0,['future house'],39163
 Anne-Marie,1zNqDE7qDGCsyzJwohVaoX,0,"['hel', 'pop']",10830687
 OH MY GIRL,2019zR22qK2RBvCqtudBaI,1,"['k-pop', 'k-pop girl group']",1681264
 nævis,2067CjQ2nC56cRZX8goeHg,0,[],14794
 Sam Feldt,20gsENnposVs2I4rQ5kvrf,0,"['edm', 'pop dance', 'tropical house']",751868
SEUNGRI,20j1uz7iDOtIvIzCr5S8nx,1,['k-pop'],478054
 PENIEL,21EUYgHJLDUeG72eDEmTx4,0,[],33031
Raina,21dQ70DS91icGLN9J4mH7h,0,[],4380
 Jo Jung Chi,21fdDnBuLfUeBngh4yAyZJ,0,[],385
 BRYAN CHA$E,21pdFXVgEujpnjqKDCy6BL,0,[],363
JooHyun Oak,22GsBXoNH88NIr7Rl8k7oz,0,['korean musicals'],308
 sokodomo,23LskvW8ErKu8v1teU7xFZ,0,['k-rap'],50213
香取慎吾,23aPUZaR8bESXN4UD3T2Sx,0,[],20927
 Joyce Wrice,24Cf1irKt7kcewb9OOkPum,0,['alternative r&b'],166819
 Tara,24JAAnBviO3vTMZ5N9taj8,0,['cook islands pop'],2649
Monday Kiz,24jJXZRz3aGvjVvZ4OoerD,0,['korean pop'],112961
 Verbal Jint,24sQuJhQ85ZygDG7sUVUxR,0,"['k-rap', 'korean old school hip hop']",71542
 JENNIE,250b0Wlc5Vk0CoUsaCY84M,0,['k-pop'],3376368
 Charli XCX,25uiPmTg16RbhZWAqwLBy5,0,"['art pop', 'candy pop', 'metropopolis', 'pop', 'uk pop']",2848872
 lIlBOI,25wMXkplvEHJpJHX8A6Ved,0,['k-rap'],67074
KINDA BLUE,264XvBSD6pFn1eDvWSWMI8,0,[],4854
 JeHwi,269A1U75KOCFyPAiXq4sjT,0,[],11565
Pentatonix,26AHtbjWKiwYzsoGoUZq53,0,"['a cappella', 'viral pop']",3583498
 Blinders,26JVnujQQ3lEML8t9p3X1J,0,"['dutch house', 'louisville underground', 'progressive electro house', 'sky room']",39093
Halsey,26VFTg2z8YR0cCuwLzESi2,0,"['electropop', 'etherpop', 'indie poptimism', 'pop']",20133665
 VIC MENSA,27w1NoOLMX7tJMYqcetPyG,0,"['canadian hip hop', 'chicago rap', 'conscious hip hop', 'rap', 'underground hip hop']",607196
 ZHU,28j8lBWDdDSHSSt5oPlsX2,0,"['edm', 'electro house', 'tropical house']",827923
 HRVY,28y6CyJNkGNjJQKrlx4AmN,0,['pop'],1659970
 HALO,295glUeBYb1uqpNrSeYs1d,0,['k-pop boy group'],42707
 GroovyRoom,29HqjVbJr3vsc2l6BTI4eB,0,"['k-rap', 'korean r&b']",132104
 Lionclad,2AGxU7q0xWss9jkiTPmxH7,0,['korean electronic'],3685
 2LSON,2AMTVJeuaSJHOatQS448YY,0,['korean pop'],2134
(G)I-DLE,2AfmfGFbe0A0WsTYm0SDTx,1,"['k-pop', 'k-pop girl group']",5694888
 Fox Stevenson,2BQWHuvxG4kMYnfghdaCIy,0,"['dancefloor dnb', 'electro house']",212680
 Youngbae,2C1SxKeWmKCAiTqSxvP6BI,0,[],144
 Juvie Train,2CEVA02kVlfCD2ASpvadw4,0,[],155
 Naoko Tanaka,2CfxaAgevavjDFRRghjSVt,0,[],175
 Ri Won,2CkiqYnM6fBO2y13a1FFpO,0,[],7
Ulala Session,2EFJSNZzGSfLXMfAaxbK2A,0,[],3719
Eric Nam,2FLqlgckDKdmpBrvLAT5BM,1,['k-pop'],2115017
 Punch,2FgZrgTMX6Sk0VNcOsEPmm,0,[],301148
Brown Eyed Girls,2GEPtT5RDxrmdi0A4mbDi7,1,"['k-pop', 'k-pop girl group']",257345
Untouchable,2HDRkPTO5A59sFcC2ROGbw,1,['k-rap'],7477
 Rich Brian,2IDLDx25HU1nQMKde4n61a,0,['indonesian hip hop'],2157153
KARD,2JhAlkmukNvarUpGhTFXUQ,1,['k-pop'],1747369
ITZY,2KC9Qb60EaY0kW4eH68vr3,1,"['k-pop', 'k-pop girl group']",5422873
 YOOK SUNGJAE (BTOB),2KbOz7b91wiUpnv34Twd9f,0,[],119
 KAMBO,2LE4iuwlb4vZMWKTw68g4i,0,[],264
 Nam Tae Hyun,2LQ4Ay1ClURp2tX1eFJiWh,0,[],2779
 Dayday,2M6pSBXyVDYo0IjlbW8Jj2,0,['k-rap'],5673
 GIRIBOY,2MtHuR0W2idZdF7x4wddqq,0,"['k-rap', 'korean r&b']",340161
Melotic,2O9yKxcDexzQAEtFvaK4ft,0,[],65
CHUNG HA,2PSJ6YriU7JsFucxACpU7Y,1,['k-pop'],2084004
 BOYFRIEND,2Pw8E6zZoeuksVWtyZPnzd,0,"['k-pop', 'k-pop boy group']",324734
 TEDDY,2QDHZGfyq70z6T4e4Dr2t0,0,[],197
Orange Caramel,2QHTtUsN6Q13w3QHdfRqsK,0,"['k-pop', 'k-pop girl group']",310123
 SEULGI,2QM5S4yO6xHgnNvF0nbZZq,0,['k-pop'],892653
 Matisse & Sadko,2QMCcKIPHnjQaPPgoEst88,0,"['dutch house', 'edm', 'electro house', 'pop dance', 'progressive electro house', 'progressive house', 'russian edm', 'sky room']",133078
 Young Ji,2QbyHFJW5QoKsUYx96SiEy,0,[],40
Stormzy,2SrSdSvpminqmStGELCSNd,0,"['grime', 'uk hip hop']",2755703
Sohyang,2TCV57G47ttyy1JsVyucXg,0,"['korean ost', 'korean pop']",58608
 Bigtone,2UewyNNIcmy697ZLp6us78,0,[],6
 SEUNGYEON,2Uv2OMwSDN0lfqnpqBx1UD,0,[],192
 AlunaGeorge,2VAnyOxzJuSAj7XIuEOT38,0,"['electropop', 'house', 'tropical house', 'uk dance']",433918
 朴宰範,2VrDFxXbEHomf7A8Q87uRA,0,[],18
 HANHE,2WOhTblwhbLSjWTVn94rQf,0,[],36
 TAEIL,2Xd4Jvq6x4z1K1Z4dKpWcI,0,[],5473
Second Aunt KimDaVi,2XrCYhwuq6x15QFddD1gQv,0,['trot'],2501
 Stella Jang,2Y9AUayH5pyZpVfkDYDfJV,0,['korean city pop'],192426
 JAMIE,2YXlVLKq3X3soXd2aXUtIT,0,['k-pop'],684509
 Paloalto,2Yv0nlRtzgPl6u0dsS2hFv,0,['k-rap'],44738
 C JAMM,2ZT3bnHPOdErwCLdP5aHqR,0,['k-rap'],52138
Mighty Mouth,2akjyFVLS8J29MeknQggyK,1,[],2
 RM,2auC28zjQyVTsiZKNgPRGs,1,['k-rap'],13576102
 SG Wannabe,2c3IakpImjWyeXNvyyGsdn,0,"['korean ost', 'korean pop']",180908
 Lee Sangwon,2cDX5eSW1ia5fwMbqplMbT,0,[],0
 KCM,2cijK40RWU3ouFUnwW8v3K,0,['korean pop'],35601
 Sion,2dEBKqLtvdFTnPcwpWEw0r,0,[],45921
Stray Kids,2dIgFjalVxs4ThymZ67YCE,1,"['k-pop', 'k-pop boy group', 'pop']",11204838
PSY,2dd5mrQZvg6SmahdgVKDzh,1,"['k-rap', 'korean old school hip hop']",1628600
 Loco,2e4G04F77jxVuDYo44TCSm,1,"['k-pop', 'k-rap', 'korean r&b']",379142
 Eb,2eUiUWPlCfSEuRuPTVeRf5,0,[],6
 Lee Moon Sae,2eVlgLy3Aym09gM3dqx6cq,0,"['classic korean pop', 'korean pop']",111140
 Kim Young-Im,2fhbmyZNyWccDt37X5asgX,0,"['joseon pop', 'korean minyo']",336
 Paul Blanco,2fiGm496AG7ePURQiSSJIw,0,[],48038
 Shin Yong Jae,2frFGmni9tkRgXYdXmzQvR,0,"['korean ost', 'korean pop']",58792
 Eunha Lee,2hOvcsM1Zu4d9srPgglhat,0,[],4
SHINee,2hRQKC0gqlZGPrmUKbcchR,1,"['k-pop', 'k-pop boy group']",2964523
BTOB,2hcsKca6hCfFMwwdbFvenJ,1,"['k-pop', 'k-pop boy group']",1472641
 Pianist Kim Kwang Min,2iwYWSmPQBvAvoHtRCRT1Z,0,[],5
 eSNa,2jfAd4z4B5dR7yhhwTOulQ,0,[],4704
 Ara,2jhwupQ3q8a1NbwfFhnszE,0,[],38
 ChaMane,2jyURAEr7r2UfWMpFQDOQd,0,['k-rap'],1379
 Lee Sang Soon,2k5qXj4B0cMlBbLJOVQMUJ,0,['korean singer-songwriter'],9902
 Madison Beer,2kRfqPViCqYdSGhYSM9R0Q,0,['pop'],5708741
 Masta Wu,2khkWoTMvYG7wLHg6iicIz,0,[],0
 Chang Kiha,2kppzekGp379T3M56GYd7d,0,"['k-indie', 'k-rock']",13551
 HAON,2krUNMgFZYm5s4Nn0g91W9,0,['k-rap'],131910
Luigi Boccherini,2l4vGfFV7e46yO8lxfxR76,0,"['classical', 'classical era', 'early music']",102460
 No Identity,2ladxDWywuVgNTdsivk5vI,0,[],66
Kumi Koda,2mGYHril2LuZodRtTX06BC,0,['j-pop'],569284
 KATIE,2nDC4PH8XE1gHeeAxVLXRO,0,['korean r&b'],235038
DPR IAN,2o8gT0fQmFxGNbowbdgeZe,1,['k-rap'],772089
 Yeo-Eun (MelodyDay),2oG0hcbCfRofbtKnuS1fWF,0,[],27
 Taichi Mukai,2oNStf3CKKLM5lnzELWMcH,0,['japanese r&b'],131217
Cao Lu,2onoO0N62qYqnHJjTi0g0k,0,[],251
 MINNIE,2pHkxVNynHBwQHhGaoBIXX,0,[],86594
 george,2pRZp2WxvnWWiSPcSSYkNV,0,['korean city pop'],88924
 Newport Mix,2q4mR2JpYQJWQnr45yiFjy,0,[],2
Lolo Zouaï,2qDIR2WlcW3llkGqJWg9VJ,0,[],210312
 The Quiett,2qI1pO64eYqGUiv1XTw4cy,0,"['k-rap', 'korean r&b', 'korean trap']",107398
 Plastic Kid,2qhiSvpf8YlPqaNGfnzWnA,0,[],80
Steve James,2rYFy6vVM1YiECVIAHaJBY,0,['pop edm'],35174
 MC Hammer,2rblp9fJo16ZPTcKDtlmKW,0,"['hip hop', 'hip house']",577185
 Aizat Amdan,2sS4H2xFvWaxaixeVZC4Vu,0,['malaysian pop'],122134
 Jung Hyun,2t6BljQxB8MLiky7GjkLYd,0,[],8
 pH-1,2u7CP5T30c8ctenzXgEV1W,0,"['k-rap', 'korean r&b']",372581
Apink,2uWcrwgWmZcQc3IPBs3tfU,1,"['k-pop', 'k-pop girl group']",1193361
 Maboos,2uch5GhXkpT561NB95OYBL,0,[],151
 이로울,2vArxtLc9TRXTiwfKNX2RK,0,[],2
 Jeff Bernat,2vVT4qoxWje0gVD2FiWZ4u,0,"['chill r&b', 'popping']",451863
 CHANMINA,2vjeuQwzSP5ErC1S41gONX,0,"['j-rap', 'josei rap']",597932
 Yoon,2vnR3mxGF1X2Q8D5ichEWP,0,[],700
РИНО,2vwVg0iMlMsT2l0EvKGczq,0,[],6
SISTAR,2wTLheTmMcFCA4hdY8hZJP,1,"['k-pop', 'k-pop girl group']",978022
 KSHMR,2wX6xSig4Rig5kZU6ePlWe,0,"['big room', 'dutch house', 'edm', 'electro house', 'indian edm', 'pop dance', 'slap house']",1723368
 Donutman,2xH4dYFMVhdOGIhgIWonbc,0,['k-rap'],8632
 nomad,2xPc9Yvp2U0uUYxZdvFLOz,0,[],18
 Chillies,2xvW7dgL1640K8exTcRMS4,0,"['indie viet', 'v-pop']",817810
 Kim Chang-Wan,2yMDYqTvjFeBZcGC4ZMMVH,0,[],245
Jay Loud,2zlYZjumfIxajIKfk41H9A,0,['indiana hip hop'],10422
 G-DRAGON,30b9WulBM8sFuBo17nNq9c,1,"['k-pop', 'k-rap']",2893633
 Ahn Trio,30pbA4VKv3CuflgeJ8Diq0,0,['classical piano trio'],2285
 Riff Raff,31IZdHrCZ5pRhLz4zBxN3o,0,[],179063
 PREP,31SBgHxc8eqZUk9MdveH42,0,[],254055
 Kim Seungmin,31VffPWiL2AAwNIMODB9qZ,0,"['k-rap', 'korean r&b', 'korean trap']",49921
 TAKEWON,31jg46rtB7MyrVPXZATmsa,0,"['k-rap', 'korean underground rap']",6394
 Khundi Panda,32wJE7JooXm59HxYhy7caU,0,['k-rap'],18757
 Ha Ji Won,34BjXjDtgOGJYIdvCxr7LU,0,[],1218
 Moon Sujin,36MQil20hjOpG5f52NQ4du,0,['korean r&b'],65422
 Kim Bo Hyung,374BqLVt4zpEYsa1Em7X7x,0,['korean pop'],11576
 Öwnboss,37czgDRfGMvgRiUKHvnnhj,0,['brazilian edm'],66831
 Hye Rim,37qp8U9zJIHh4UseRqcqX2,0,[],54
 Truedy,38G7epclTfu3wgkiVVLjCV,0,[],5286
Ill Chris,38YDLPHNjiIcGosZ240Han,0,['asian american hip hop'],3478
 Il Hoon Jung,38msH2cFK8ui3GvbWqumqk,0,[],1183
 Aiobahn,3AMFQZ3Tt549kShRG2IBYT,0,['kawaii future bass'],58681
 eill,3AiES4wyTOfJvNgqz9baDn,0,"['anime', 'japanese r&b']",116978
 LEE GI KWANG,3CC7p9QM4VjO62rmcaRP3z,0,['k-pop'],69513
 Kim MinSeok,3CHn74oCO6xiThDGQcDMeA,0,['korean pop'],26303
 이건,3CeAc3273SCbu4WQHeCorc,0,[],9
Wonder Girls,3Cv2vi3WTl8VZOTdrBkKdM,1,"['k-pop', 'k-pop girl group']",718881
Pixie Lott,3EBRANWwnViQuBrImN61Z1,0,"['dance pop', 'post-teen pop', 'talent show']",972097
Roy Kim,3ErHVJMsxTq2lLSmnONBm9,1,"['k-pop', 'korean pop']",247396
 Yankie,3EuteIwWAP4mLq0kvLML99,0,['k-rap'],10344
 Demicat,3Geym1qRlviofLxjf1L0BK,0,['korean electronic'],1055
IU,3HqSLMAZ3g3d5poNaI7GOU,1,"['k-pop', 'pop']",7967603
 Baby Tate,3IJ21966TwNZI24MwZHMu4,0,['trap queen'],330308
 FIESTAR,3IVjXrnR0npv1LY24kQSzd,0,"['k-pop', 'k-pop girl group']",153065
 Suzi,3ImHydeN8Sciy5cLgeDtOR,0,[],306
 Mike Williams,3IpvVrP3VLhruTmnququq7,0,"['big room', 'dutch house', 'edm', 'electro house', 'future house', 'pop dance', 'progressive electro house']",353799
 Yutaka Furukawa,3Iu2yVQq5dCVmmAaAOQ6S1,0,[],4847
 Clon,3IvJqVgapy3AMUBmVGrvag,0,['classic k-pop'],6585
V,3JsHnjpbhX4SnySpvpa9DK,1,"['j-division', 'korean ost']",13096788
 Lee JinE,3JwZljJCipGfpbftNdQaeX,0,[],43
 Remix,3K4oXctZt90sjH2u6zLXYe,0,[],3
 Sandara Park,3LKVw6XQYcot0OZMFmf4IP,0,[],29795
 Kwon Soonil(Urban Zakapa),3LcvhSx1kL5VwaOHhAN1B5,0,[],4
SeeYa,3Mbxr8TL0Sny7dUNicKWm2,0,[],4225
 J-Cera,3MhLDkENRwJOmFU5MSeLjZ,0,['korean pop'],2682
HA:TFELT,3Mrp5B6JdfoiObgY0WR8lF,0,['korean r&b'],110354
 Outlaw,3NPCPm4joO9YgPf8jXPSF3,0,[],0
 Tablo,3NdOtTPPaXrCyC7Lpmzyhv,0,"['k-pop', 'k-rap', 'korean r&b']",227765
BTS,3Nrfpe0tUJi4K4DXYWgMUX,1,"['k-pop', 'k-pop boy group', 'pop']",64752045
HA SUNG WOON,3OBkZ9NG8F0Fn4oNpg0yuU,1,[],239354
TheFatRat,3OKg7YbOIatODzkRIbLJR4,0,['speedrun'],1627153
 Babylon,3P16F9giedxmc5238b66bo,0,"['k-rap', 'korean r&b']",31891
 Hanna,3PD0VSypOTIzOWHW1FmVba,0,[],13
salem ilese,3QJUFtGBGL05vo0kCJZsmT,0,"['alt z', 'modern indie pop']",308932
 Han Suji,3QKm0ZXXUBD9Gc3PUo2mor,0,[],5110
HELLOVENUS,3TW9U1f93tpGBsEtCSf7JG,1,"['k-pop', 'k-pop girl group']",256772
 Lee Jae Hoon,3TiQECvFFvnqd5hs6viUsK,0,[],48
HyunA,3UwlejyX2b458azZ7eCnHb,1,['k-pop'],2194990
 Colde,3VQDqjQ4wJyw8PzpGdlZpB,0,['korean r&b'],392032
 Kim Petras,3Xt3RrJMFv5SZkCfUE8C1J,0,"['alt z', 'pop', 'transpop']",917324
EVERGLOW,3ZZzT0naD25RhY2uZvIKkJ,1,"['k-pop', 'k-pop girl group']",1780644
 nafla,3Zn6C68VCosoQrxu4D2Btr,0,['k-rap'],169887
 The Glitch Mob,3a9qv6NLHnsVxJUtKOMHvD,0,"['glitch', 'glitch hop', 'indietronica']",549969
 DAWN,3aB96WIPKUzvJmoctWCrjb,0,['korean r&b'],3747
 SOYOU,3b4kLCI0ZJW47TFsNRqgCb,1,['k-pop'],362401
 백찬,3b84FwOBHtfdyimyNJ1i59,0,[],6
 HOYA,3bGzcepRQ7Zu1J6JDDAq1T,0,[],22605
 MINIMONSTER,3bN6HZ9ACZ6nqQheU5rp68,0,[],313
Son Dam Bi,3cCbcs6r1Lma7MfEjyfCGU,0,['classic k-pop'],13160
HIGH4,3cpG0SJLIJ1qpQfjmlWlzo,0,['k-pop boy group'],61011
강동우,3cu8lZj0TEzbvT99tlJ9J6,0,[],7
신종욱,3cxWvvIqZGNyWsgmdi0wsf,0,[],7
 HOONY,3d3m8vJE5Vr38UTAMWs66v,0,[],97
 Kirin,3dFiM806dnbA7YUIgOHDBc,0,['korean city pop'],7151
GD&TOP,3e3oLJehq4vQl2H0FAJnvn,1,"['k-pop', 'k-rap']",606471
 The One,3eAsBHDYXtCSn67Zynq3Qd,0,['korean pop'],8148
DEAN,3eCd0TZrBPm2n9cDG6yWfF,1,"['k-pop', 'korean r&b']",1331240
Park Gyu Ri,3eDTXcjpFF1Wxa4e7ZZICA,0,[],142
 ROSÉ,3eVa5w3URK5duf6eyVDbu9,0,['k-pop'],3915869
 Mabel Yuan,3ficuQjD88VCXfTMEGFND8,0,['chinese drama ost'],304
 BrotherSu,3fmAXFX05DFTaTkreemfxB,0,['korean pop'],6148
Lovelyz,3g34PW5oNmDBxMVUTzx2XK,1,"['k-pop', 'k-pop girl group']",437151
 Shannon,3hi7ew4Y6Lr9lWS1E3lDBX,0,['freestyle'],18883
 Princesa Alba,3hvDAraTidCTjQHIc4m8P3,0,['trap chileno'],190278
 CHANGMO,3hvinNZRzTLoREmqFiKr1b,1,"['k-rap', 'korean r&b']",295854
 G.NA,3hzcooxMtbApMTvvn6XKVA,1,['k-pop'],174058
 hyeon seo park,3ikV9ZwFZz1DDiTc6xbMAW,0,[],437
 Anderson .Paak,3jK9MiCrA42lLAdMGUZpwa,0,"['escape room', 'hip hop', 'indie soul', 'neo soul']",2344970
 Syd,3jk39CGeaaSO3FPKNx1RUx,0,"['alternative r&b', 'lgbtq+ hip hop']",537169
 Yuna,3kHVioJpVxlazAAKQ64pC1,0,['malaysian pop'],429341
 GRAY,3kPEBSt7qgVoRZSbIXMr7W,0,['k-rap'],282549
 Loopy,3l9s67pOK4Stw9yW1wr0Bg,0,['k-rap'],87488
 헤리티지(Heritage),3lTYYNwaDmW0rrsAz5aG8o,0,[],37
Haha,3lY2yvsj2BSiYSA8PcPGqF,0,[],13787
 Yuto,3lrs0Ve7aYxPovY3SDjVFd,0,[],214
 劉雨昕,3lxD7OESQHk5ESvrad8IGg,0,['chinese singer-songwriter'],16959
 Fox Stevenso,3msitL77yg0GifOf5jvd23,0,[],1
YULTRON,3n2H1XlCyS1WQ0vyVUFEma,0,['speed house'],34860
 박나래,3oBO24qfRYkz2F0IeFg5k4,0,[],12
 Yuk Jidam,3oO2KBxuGdaUP5SikvEWWB,0,[],5459
TEEN TOP,3offPqpKAKmpQkIdWnjzkc,1,"['k-pop', 'k-pop boy group']",388950
NCT U,3paGCCtX1Xr4Gx53mSeZuQ,0,"['k-pop', 'k-pop boy group']",3993953
TAEYEON,3qNVuliS40BLgXGxhdBdqu,1,['k-pop'],2730862
 ANYUJIN (IVE),3schR1HLbYu3RqqPDiDFrE,0,[],1924
B1A4,3sxWOFw4MSN54SIQ8np6iG,1,"['k-pop', 'k-pop boy group']",570953
 Moon Kim,3tMdam5THEApdjXRDH9g5N,0,[],2016
 Sojeong,3tguePgWKGvSKBrRZYs5lP,0,['korean pop'],8437
 MOD SUN,3u2R8st1bb6zfBqNWceRXG,0,"['indie pop rap', 'minnesota hip hop']",276276
 AILEE,3uGFTJ7JMllvhgGpumieHF,1,['k-pop'],1094042
 Park Bom,3uHb6dRazmcaT15bMexUtt,1,['k-pop'],137063
 Mac Kidd,3uezMpoFc84nQ6qU2mliqr,0,"['k-rap', 'korean trap', 'korean underground rap']",1158
ShiGGa Shay,3vYlOrtxEjNzvUPhacOdoV,0,"['singaporean hip hop', 'singaporean pop']",5693
 BUMKEY,3vhZuZdMksbnJwoE3AwpXq,0,"['k-rap', 'korean pop']",97324
f(x),3wRA5UYoo08BBKJnzyKkpF,1,"['k-pop', 'k-pop girl group']",1268166
 Burna Boy,3wcj11K77LjEY1PkEazffa,0,"['afrobeats', 'dancehall', 'nigerian hip hop', 'nigerian pop']",5503433
 Park Yong In,3xPgiFdFWb1jR4hOyEzTgH,0,[],1310
 Zick Jasper,3xtHMz3z0Km6qXV3yhcfQP,0,[],390
 Hash Swan,3yVEZNS0ateVfoj8FuazKg,0,['k-rap'],95344
 Herr Nayne,3ymSmqDdFN1kfZyVJ4HWse,0,[],181
 MINO,3ytV7vc4ZuwGgwaOuWvkk8,0,['k-pop'],1081045
 Crystal Kay,3yzQHdj9G34CVZ5rVUDrOM,0,"['j-pop', 'japanese r&b']",299670
 Vasco,3z6WtIVxUiLNKDrUchJGrX,0,['danish electropop'],748
Christopher,3zDRCqOhJXJfS2YWOEwGMC,0,['danish pop'],255888
 Will Not Fear,3zQf6Ogadb67LzdBTHaZ0N,0,[],669
 Han sun hwa,3zfGhm4kLXQ8o4xJewVGO5,0,[],0
 Felix of Stray Kids,40zyx4iztMjRbIIoI802r4,0,[],27582
BLACKPINK,41MozSoPIsD1dJM0CLPjZF,1,"['k-pop', 'k-pop girl group', 'pop']",40782301
 Iron,42dy8y24lMURTr4RjATpYS,0,[],2815
 TAK Of BAECHIGI,42twmGoaap5jDxznYNoxjE,0,[],0
 RAVI,42xj5mBLvrFdW6tYns6mxs,0,"['k-pop', 'k-rap']",224363
 OKDAL,43qbEc59aqLydrvuWsrNoE,0,"['k-indie', 'korean pop']",33254
 monokim,448KDzQJZ1p8UkDKtgIzus,0,[],137
Kenji Bunch,44DPjVo7zPKN3Ejvx34xhR,0,['american 21st century classical'],691
 Isle Qim,44qnpSp6VbJ48R4YXiv7LW,0,[],30
BILL STAX,459tVR1zPUmVwOROer0adD,0,['k-rap'],20780
Choi Seo Hyun,45MYCJEVTetzK6k2UeuHv0,0,[],775
 Bun B,45a6gCQWq61lIUDmr1tKuO,0,"['dirty south rap', 'houston rap']",854184
 리지,45hd8opei1aSAIMNfJccfK,0,[],52
 E,45tZVD9vAd4R6zl9D82kmt,0,[],468
 Omega Sapien,46KQM3HJyONaKRTbcfNPlU,0,['korean underground rap'],15095
 Kodak Black,46SHBwWsqBkxI7EeeBEQG7,0,"['florida drill', 'florida rap', 'melodic rap', 'miami hip hop', 'rap', 'trap', 'trap latino']",9290954
 Yves V,47BEc2RoW53owMyxacXWdV,0,"['belgian edm', 'dutch house', 'edm', 'electro house', 'pop dance', 'progressive electro house', 'progressive house', 'slap house']",282355
 League of Legends,47mIJdHORyRerp4os813jD,0,"['speedrun', 'video game music']",1601700
 Kang Seungwon,48DsjCcpYJQWi5fulzyuBm,0,['korean pop'],1067
NCT,48eO052eSDcn8aTxiv6QaG,1,"['k-pop', 'k-pop boy group']",5778435
 Ji Chanel,48iTyl4MallIyN0R89N8u3,0,[],210
Kim eun young,49XEW1qNZPAeucXHu8zIeg,0,[],100
Huh Gak,49vOeJAPxAz6YmVZPNM7ys,0,['korean pop'],87414
Alesso,4AVFqumd2ogHFlRbKIjp1t,0,"['dance pop', 'edm', 'pop', 'pop dance', 'tropical house']",3940482
 Devin Morrison,4AgZVM5339ZoMyg38nYyYW,0,"['indie r&b', 'neo r&b']",28329
 Sam Kim,4BBN286rBKyCWsSPq2cxYO,0,"['k-pop', 'korean r&b']",424221
 YELLA D,4D139q2zdOGkNdWHeFmIog,0,"['k-rap', 'korean r&b']",5500
 AFROJACK,4D75GcNG95ebPtNvoNVXhz,0,"['big room', 'dance pop', 'dutch house', 'edm', 'electro house', 'pop dance']",3993885
 Kim Feel,4EPYWwU4c8eG2GzD7MenUA,0,['korean pop'],98370
220 KID,4Euia7UzdRshy1DJOSMTcs,0,['uk dance'],20910
 Roh Yun Ha,4F0KZ0SXe4z5xrgX6TXAPy,0,['k-rap'],12009
 Simon D,4FWUEoOMXHOsbnMED8UqgV,0,['korean old school hip hop'],3453
Lee Hyori,4FjoOJAndC0s9ZJUo6VGc5,1,['classic k-pop'],60465
 OVAN,4FuRHFtCeoYaeeVDKyyvbS,0,"['k-rap', 'korean r&b']",77456
 KIM GO EUN,4G0khHYSAyq05njsT39Vp5,0,['korean musicals'],2157
 Kim Seong Dae,4H00h50rGk6Hk6MwuYPjsK,0,[],0
덕원,4Hi2B8GkX7IZWsuZyd8Cdc,0,[],63
Armaan Malik,4IKVDbCSBTxBeAsMKjAuTs,0,"['desi pop', 'filmi', 'modern bollywood']",17936953
BIGBANG,4Kxlr1PRlDKEB0ekOCyHgX,1,"['k-pop', 'k-pop boy group']",5097708
 Juice WRLD,4MCBfE4596Uoi2O4DtmEMz,0,"['chicago rap', 'melodic rap', 'rap']",29057830
 WH3N,4MSCkKz4xskCrvx49wOneF,0,[],8501
 Quest,4N7VMCvYd9Reh5bJLnRVzY,0,['pinoy rock'],35789
 KUSH,4OiLGOExR5sXyMtyKccRgY,0,[],643
 JINBO,4PlxqkEk6seCManiTAPTWb,0,"['k-rap', 'korean r&b']",8034
 Lodge Boy,4QwmzSTkQf1bayzLcPllow,0,[],55
 Hui,4R0tSGcVRQ8ZXPzttU8mHy,0,['korean pop'],31905
 Park Gabin,4RchfpgrrMpxq0eQv63jqx,0,[],0
 LEE CHANHYUK,4RkTSLr5Qf79FfUkeaDKbl,0,[],11791
Block B,4RnezwRV7VBJUCI1S0AE5u,1,"['k-pop', 'k-pop boy group', 'korean r&b']",998108
 Keita,4Sp0k5cY12SKnOGUghMljj,0,[],164
 Lee Jin Ah,4SzO3ea2qcjg1uLyNJAWnM,0,"['k-indie', 'korean r&b', 'korean singer-songwriter']",39674
KIM HOJOONG,4T9AuhR3YqSqaPgXzPiAuH,1,['trot'],6238
 YEJI & RYUJIN of ITZY,4TYswX6bKUjM9rbEL7CMBH,0,[],4977
MONSTA X,4TnGh5PKbSjpYqpIdlW5nz,1,"['k-pop', 'k-pop boy group']",4983585
 Seraphine,4TqlcgMFDryY96KWcvrhTv,0,[],112233
Suzy,4U80LJd8sG6U9YTFP5izka,1,['k-pop'],460816
 Tarin,4UEKXXZ65FBcAJPVerQjtO,0,"['k-indie', 'korean pop']",7132
 m-flo,4UhiMIdxKqQxmzdE9nYe6O,0,['j-pop'],331726
JINUSEAN,4WItSECPefckW11qSnZXyv,1,"['classic k-pop', 'k-rap']",28481
 CODE KUNST,4WnO2VmlwdTX77ANsThWLQ,0,"['k-rap', 'korean r&b']",248061
 Benny Benassi,4Ws2otunReOa6BbwxxpCt6,0,"['edm', 'electro house', 'pop dance']",538095
D.O,4X7RCrqaJpKMoeyeH5NPvj,0,['korean r&b'],2844
 Jay Park,4XDi67ZENZcbfKnvMnTYsI,1,"['k-pop', 'k-rap', 'korean r&b']",1941923
 ZICO,4XpUIb8uuNlIWVKmgKZXC0,1,"['k-pop', 'korean r&b']",1293881
 Q'Glizzy,4Xse32nqeF4fEIruan7K9P,0,[],6
 Raiden,4YXNoMVTHRt01jYaKXTumJ,0,['korean electronic'],68654
 DPR CLINE,4Z6fYh9ANGOfOSylYE5gZz,0,[],1615
 Lee Sun Hee,4ZQVfuvon3XnGYkjTSey1O,0,"['classic korean pop', 'korean pop']",44700
 Shockbit,4aMRtytJy7sCCjvcSnq666,0,[],13
 Sean Garrett,4aWpJudn4ljEWahx6cPEGu,0,['hip pop'],41116
 Park Woo Sang,4b1h7TeHuzi1lOTJswql6f,0,[],17
 IMLAY,4b7ZEkk5uXPlwX2IPuV7Q2,0,['korean hyperpop'],11454
 Jvcki Wai,4bjcB3ZKiHgPzJvY2S2FLN,0,"['k-rap', 'korean r&b']",102694
 Lost Chameleon,4ct0Lml9CSOcrehSHHJArO,0,[],1565
 Yong Jun Hyung,4drjiBRSqZoTD67xgZCmNo,0,['korean pop'],50475
 Kim Na Young,4dvmLXorXADxVq8EcySEWk,1,['korean pop'],186269
 Hwanhee,4ezpY3tmP9KtaOOnWpDmIp,0,"['korean ost', 'korean pop']",25283
LEE MINHYUK (HUTA),4fgfmrBHIWsUuHxeOPhv61,0,['korean pop'],79184
K/DA,4gOc8TsQed9eqnqJct2c5v,0,['k-pop girl group'],1956117
 Captain Planet,4gUzVXtJJ6UWTWobd18HqJ,0,[],248
 Zior Park,4gkSpcyfxtm5OFoZCYWTeD,0,[],36646
 Mougleta,4gmndqcVVyxmzgOunTiuAD,0,[],6325
Coldplay,4gzpq5DPGxSnKTe4SA8HAU,0,"['permanent wave', 'pop']",44068819
 Yeeun,4hMhbcPHd2nsZFhY1TNp8Y,0,[],13842
 Zoorumpug,4hYxfPWn0RnlwJS2faYvjB,0,['korean city pop'],647
YESUNG,4hyF8Vtc73RYJr3RgTE2Zf,0,['k-pop'],350216
 Damndef,4jFOzswJGUdE6LFx1ZbOjS,0,[],370
 AOMG,4jI1sm5mTNOWw6ea5Cmslp,0,[],240
BOL4,4k5fFEYgkWYrYvtOK3zVBl,1,['k-pop'],1740067
LIM KIM,4kGuk6HkL6hwuQrgSWISBv,0,['k-indie'],63585
 Fana,4mUsQKPUlPpTe2C1MPW1QT,0,"['k-rap', 'korean old school hip hop']",5093
BoA,4muJrGMndyYWqZtfk8OWy4,1,['k-pop'],798933
Ava Max,4npEfmQ6YuiwW1GpUmaq3F,0,['pop'],5886591
 Dynamicduo,4nvFFLtv7ZqoTr83387uK4,0,"['k-rap', 'korean r&b']",152234
 Ahin of MOMOLAND,4nzWj1u4IslWFr3B5f7HfY,0,[],474
 LAY,4o7tWrzQOqarDtTMWD2HV9,0,"['chinese electropop', 'chinese idol pop', 'k-pop']",1483963
 GSoul,4oEXworvhegyK83rZwVyWL,0,['korean r&b'],213280
 OH SEUNGHEE,4oIE2ZAuPXuOyHNPwjc2Ku,0,[],442
 Becky G,4obzFoKoKRHIphyHzJ35G3,0,"['latin pop', 'latin viral pop', 'rap latina', 'reggaeton', 'urbano latino']",13378030
Paul Kim,4qRXrzUmdy3p33lgvJEzdv,0,['korean pop'],239891
 JOOHONEY,4rpOWirhzqN7NPgRX76l1k,0,['k-pop'],267060
 Galantis,4sTQVOfp9vEMCemLw50sbu,0,"['dance pop', 'edm', 'pop', 'pop dance', 'tropical house']",3356599
 M.TySON,4t7tfZEW6bMW5LVX06JwMx,0,[],49
 G2,4ueZwsEtcqcO0IZywqgk66,0,['k-rap'],22007
 BAEKHYUN,4ufh0WuMZh6y4Dmdnklvdl,0,['k-pop'],2580536
 YooA,4ur1jCwyNlhgd0viJkOtcQ,0,[],91613
 CRUCiAL STAR,4vdAgNz4vrUZVvS0CaVvGJ,0,"['k-rap', 'korean r&b']",70227
 Il Hoon Jung of BTOB,4viqH5lDwLHQSeDIZTJCK7,0,[],74
 Kim Yeon Woo,4vsTrZ8Y7nKqQM0BJQ6Dvd,0,['korean pop'],32345
 Yuna Kim,4wAssbReFLMBLkLCORabCM,0,[],708
YERI,4xzwjGxzfKglU0cNW4q4l1,0,['k-pop'],321836
AB6IX,4y0wFJ5jmCUNRLZfsw1I7g,1,"['k-pop', 'k-pop boy group']",539311
 XINSAYNE,4yY3FsmWRwMIFXRDkMpnBS,0,[],1391
 T.O.P.,4yiB30K5scGkjmAgHGIH8Y,0,[],61928
 Jay Marie,4yqfRusFEyn5ml2Xm5pd0Z,0,[],116
DAVICHI,4z6yrDz5GfKXkeQZjOaZdq,1,['k-pop'],720549
 HWAYOUNG,4zVPLQ7lxEfEb3YTkymd7L,0,[],1
The Chosen,4zaS9mItqCC5OQpML2VDu2,0,[],12577
 School Gyrls,4zfTcqK4VudzZgd0T8g1Fi,0,['deep dance pop'],31670
Secret,503DjcVO5Ku1NgLPhVuNg7,1,"['k-pop', 'k-pop girl group']",196553
 AYUMIC,50ciJ9NoLUai0b65vZfjOK,0,[],10
 sogumm,50x9jHrP6wy9fo3jK5pNqS,0,['k-indie'],51852
 B2K,51d3rUlLuMh7EW09aMe7yj,0,"['boy band', 'contemporary r&b', 'hip pop', 'r&b', 'urban contemporary']",771759
Part Time Cooks,51e7K2KFkHECVO460ruq8L,0,[],1771
 Lil Cherry,523GImBnBoIvcq0n8BZIv4,0,['korean trap'],38024
 Chundung,52KEoFZCGGap8hZHtOgENt,0,[],33
 KIHYUN,52MWHSohXVqTyGhBPRJepS,0,"['korean ost', 'korean pop']",176277
 Mar Vista,52jyvbzmj80qTr2NEWhczo,0,[],673
LOONA,52zMTJCKluDlFwMQWmccY7,1,"['k-pop', 'k-pop girl group']",2318345
 Bernard Park,53Yqe3arWNbYQCw4kk1Qmv,0,[],11049
DJ Snake,540vIaP2JwjQb9dm3aArA4,0,"['edm', 'electronic trap', 'pop', 'pop dance']",8501091
Young Jae (B.A.P),54JXhmpGDN8NdAIq44z4gt,0,[],4541
AOA,54gWVQFHf8IIqbjxAoOarN,1,"['k-pop', 'k-pop girl group']",710318
 PINKMOON,55xtxQ2rygRTBGJTYFLweP,0,[],596
 LUNA,56HZvtrzD82YKMGGJTlIG2,0,['k-pop'],83690
Jawsh 685,56mfhUDKa1vec6rSLZV5Eg,0,['nz pop'],110391
 Peder Elias,56zJ6PZ3mNPBiBqglW2KxL,0,['norwegian pop'],44990
 코알라 KOALA,57FiLkWeGzNVMLggMZLYiZ,0,[],663
Simon Dominic,57W9ikVc6O2wLDtmclSjvN,0,"['k-pop', 'k-rap', 'korean r&b']",442764
 Kim Jin Pyo,57YbQhFBBDksLzX08lqVnw,0,['k-rap'],623
HYUKOH,57okaLdCtv3nVBSn5otJkp,1,"['korean indie folk', 'korean r&b']",483553
Vanilla Acoustic,57xPD2CfuwxN6Ld7rf2iLG,0,"['k-indie', 'korean pop']",62121
 Lee So Ra,58BWh3yJrluDugLv0QF0eC,0,"['k-pop', 'korean pop', 'korean singer-songwriter']",43666
 SPACECOWBOY,58Y3mQTF2ToepXQaS0RCIV,0,[],37
 Keem Hyo-Eun,59KuGY6nfY3w39O0qYVA7p,0,['k-rap'],24091
VIXX,5BkB3rXc0qIdUtuEnhbK0A,1,"['k-pop', 'k-pop boy group']",965402
 FIFA Sound,5C01hDqpEmrmDfUhX9YWsH,0,[],167771
benny blanco,5CiGnKThu5ctn9pBxv7DGa,0,['pop'],1048105
 Sik-K,5DIi2JWfQPTKffaVBlIYRn,1,"['k-rap', 'korean r&b']",431030
 Joo,5DKI4lr414kDPDuIU2BDR7,0,[],372
 28AV,5DgTf0BW3LgzGNnKTqupVf,0,['seattle hip hop'],3302
Yang Da Il,5DnjOSzLCfn4hDbLECq8pt,0,['korean pop'],137657
WINNER,5DuzBeOgFwViFcv00Q5PFb,1,"['k-pop', 'k-pop boy group']",2502055
Ha Hyun Woo,5EXYPAGnOxvyTstoykxKd3,0,['korean ost'],24420
Lee Seung Chul,5Ecf8RR2UWFAvyeItabffF,0,['korean pop'],63148
Grizzly,5Egus6b1x9pYOnqsG7y1f4,0,['korean r&b'],14451
 CHOI JUNG HOON of JANNABI,5Fa7oN67rqbrgxbRVux7F4,0,[],1682
 Dotairs,5G2JpnSKByAUJJltANwwyc,0,[],0
 Zion.T,5HenzRvMtSrgtvU16XAoby,1,"['k-pop', 'k-rap', 'korean r&b']",566228
Maliibu Miitch,5J1JcdYCPj44YKz6kVA5wx,0,['trap queen'],140718
 Lauv,5JZ7CnR6gTvEMKX4g70Amv,0,['pop'],5725991
 Yella Diamond) (Performed by JooHeon,5KnPgqPc7aCvEfXrCs4QjV,0,[],3
 Gd,5Kz0D3cSiukDkDEnUNGmDl,0,[],41168
LISA,5L1lO4eRHmJ7a0Q6csE5cT,1,['k-pop'],4452830
 Rain,5L4EafeXwZ0stGuPtGr5Tz,0,['classic k-pop'],117346
 Tyga,5LHRHt1k9lMyONurDHEdrp,0,"['hip hop', 'pop rap', 'rap', 'trap']",6813329
 이현,5Lz362V3wxefNeMeCFeVMm,0,[],0
 BE'O,5NUVwRESNqYBUTRbiATjy7,0,['k-rap'],207567
 빅톤,5O0XmPyzOOTKMWEpwpMbJU,0,[],4
 Kim Tae Woo,5OFQZvle7HH55LvauNmUIi,0,['korean pop'],90330
 DeVita,5PS3ZZE5bBiZ3Ct9HiRG2B,0,['korean r&b'],91442
 박진우,5PznNJBhiSwaZ0m8It9hYO,0,[],22
 MELOH,5Qb6QmI6WUeGFaJeGB5fdg,0,[],50673
yangpa,5Qr33OZrOzmTJwxpUVZI7m,0,[],89
Kep1er,5R7AMwDeroq6Ls0COQYpS4,1,['k-pop'],1140149
MOMOLAND,5RR0MLwcjc87wjSw2JYdwx,1,"['k-pop', 'k-pop girl group']",3839289
Agust D,5RmQ8k4l3HZ8JoPb4mNsML,0,['k-rap'],11679645
2am,5SnaL8SsjGMHQNyqpa8Zos,1,['k-pop'],216756
 KOONTA,5T8LKv9A1vEnwMCO4dMo3c,0,['k-rap'],10303
 BaeDaHae,5UECuqBGwtN9NxHFOnQny5,0,[],21
 Son Dong Woon,5UzpNJd6zHGN9syxBN8fRY,0,[],13347
 Geeks,5VxfguafjfSdJcN10ACVZe,0,"['k-rap', 'korean pop']",29416
 Han Hye-Jin,5WIOBJxSEU4So79GH9kV6h,0,[],10
 EZ Kim,5WJOZ5N4iegy9XdltTo8os,0,['korean pop'],32361
Hareem,5WWxAYrskMnRaWLDUbuY20,0,[],3322
 DVBBS,5X4LWwbUFNzPkEas04uU82,0,"['canadian electronic', 'dutch house', 'edm', 'electro house', 'pop dance', 'progressive electro house', 'slap house']",1039683
DONGHAE,5X9KszkeEZd6c9wxRhucbV,0,[],1705
 Timbaland,5Y5TRrQiqgUO4S36tzjIRZ,0,"['dance pop', 'pop', 'pop rap']",2506674
 PAM ANSHISA,5Y84b3jX9aGpTr4F1CMNnP,0,[],4129
PRETTYMUCH,5Y8eJDj37KhaEeqbVO7Ag1,0,"['boy band', 'pop']",1269454
 Woo,5a8EJtOEbUJDF4RX3mKK02,0,['k-rap'],148233
SONG YUVIN,5bO0Iy0ozHhSelVBOttCyT,0,['korean ost'],14152
 Yoon Han (Pop Pianist),5bRCVFekTRnptEuJ0ZxTtf,0,[],4
 Willim,5bp5XaFz8Py4UFEhQ6FZRk,0,[],1625
 Yunmi,5cMhtkjEpkxbB3anjR027M,0,[],11
 Solar,5cYcI546S8Lf97m4mNdYLD,0,['k-pop'],913045
 HaSeul,5clV5I50OxxG9JGGxeW0C9,0,[],1229
HEIZE,5dCvSnVduaFleCnyy98JMo,1,"['k-pop', 'korean pop', 'korean r&b']",1108442
 Hitchhiker,5ePDPFrSdmaieYrKrPDJPx,0,['korean hyperpop'],19133
 punchnello,5enwJ9yOnKlCP91ov4Dqhv,0,"['k-rap', 'korean r&b']",146016
 Chillin Homie,5f48MQLr5eOXHcR4lFE1BM,0,"['k-rap', 'korean trap']",13953
 Diplo,5fMUXHkw8R8eOP2RNVYEZX,0,"['edm', 'electro house', 'moombahton', 'pop dance', 'tropical house']",2550218
 The Stereotypes,5fR4xhDybxRY7SwyUwQy34,0,[],215
TYTAN,5fTJwRSBleAeLkLivVLDZ4,0,[],2432
 Digital Farm Animals,5fyDppLDl1juIu1BcUT5zh,0,['uk dance'],67497
 ELLY,5h0QnpgJxd77A8UXYrcvhy,0,[],321
 YOOARA,5iAn0QrNJEo8uYvHPfdYzi,0,[],25
LEE DAE HWI,5j4ZfrjfKJhMBbDgTFxIwB,0,[],83706
 Kim Yuna,5jiscb6yxuu9hj4BoW5Wea,0,"['k-indie', 'k-pop', 'k-rock', 'korean pop', 'korean singer-songwriter']",27415
 Jiho,5k4usYTOytsTDumir9NDEb,0,[],202
 Han Seung Yeon,5kUgUgo1jFoAOiaiv8OP0o,0,[],2108
CHO PD,5kpASLmaTCY83YeHWs23Bc,0,[],13
 BM,5lZV4z4dpX6IfTYlfUMvOE,0,[],39242
Spica,5lvNsrcLos9vZpLQCJk4YK,1,"['k-pop', 'k-pop girl group']",89807
 Ha Yeon Su,5mKdz6Mcx2sor5hY9A8Rg4,0,[],18
GARY,5myBH2YqzOgyWoTKCsydAi,0,"['korean old school hip hop', 'korean pop']",21787
 Wonstein,5o615XColiSVMPDWlslKSk,0,[],108199
 Satbyoel,5oKvwuq4kKQZrYgFw2gWFh,0,[],4
 Park Hwayobi,5oihNt5Zntgh1XIsDqOGq5,0,"['korean pop', 'korean singer-songwriter']",15980
 IZ*ONE,5r1tUTxVSgvBHnoDuDODPH,0,"['k-pop', 'k-pop girl group']",1793888
JONGHYUN,5rGgflnIpRNizTCozbYBuY,1,['k-pop'],801662
 RYNO,5rIOZ6g7qSlq60wITUUle2,0,[],265
M. Monnot,5raaWCPidQVOFLtpM5CCvI,0,[],2
 Bobby Kim,5s5g2cVTox2dzQE65XOD4z,0,['korean singer-songwriter'],5867
 李大奔,5sF2WUeEL2qiV03Vym3727,0,['chinese hip hop'],8126
Epik High,5snNHNlYT2UrtZo5HCJkiw,1,"['k-pop', 'k-rap', 'korean old school hip hop']",696250
 Bone Thugs-N-Harmony,5spEJXLwD1sKUdC2bnOHPg,0,"['gangster rap', 'hardcore hip hop', 'hip hop', 'ohio hip hop', 'rap']",2679395
 XIUMIN,5t0Js3X9t4wpgXGlaiTFe6,0,['k-pop'],953217
 ELLES,5tGfeyiQ8hWOJ1RtsFI6GN,0,[],120
 toigo,5tTstLTFQFGb2dBb6h9zeG,0,[],2520
 Lil' Kim,5tth2a3v0sWwV1C7bApBdX,0,"['dance pop', 'east coast hip hop', 'gangster rap', 'hip hop', 'hip pop', 'pop rap', 'r&b', 'rap', 'southern hip hop', 'trap queen', 'urban contemporary']",1593343
 PDOGG,5twg8ZDFT6UZeGqpEJTHfr,0,[],1031
 KANGDANIEL,5vGoWnZO65NBgiZYBmi3iW,1,['k-pop'],846308
 Jo PD,5vQNUEPwDQboBgAHhX6EZn,0,[],2
 JIN,5vV3bFXnN6D6N3Nj4xRvaV,0,['k-pop'],5853812
 PARK JONG MI,5wimNWpsT10n1YQcgkgCUK,0,[],4
 B-Free,5xHC23kCM6goKp7bDDXE3T,0,['k-rap'],23340
 Mommy Son,5xWKWXamxbujIdti9xpnI1,0,['k-rap'],9549
 LEE HAE SOL,5xZzq9Bk8IociNfF0TfHdf,0,[],59
 Han Hyo Joo,5ycLZztc53MN3TlzAsr1Yj,0,[],93
 B.O.,5zMKnGCFow1P0wm4J2if8t,0,['fussball'],3589
 Golden Child,5zShiwTHlygdfsXj6eavTu,0,"['k-pop', 'k-pop boy group']",633867
SUHO,5zkf2Na8DKKJmtWX5Xrx3m,0,['k-pop'],1267564
Kim Jong Kook,60YNqzrSj7rJkuqHkpHPqG,0,['korean pop'],106122
 정일훈,61EYHe0PuimYflGWAJaptk,0,[],0
San E,61MMiylth1injW39oZBuYB,0,"['k-pop', 'k-rap']",85905
 northfacegawd,620Vx5hEMowoa71wXk4bu1,0,"['k-rap', 'korean underground rap']",5887
 DINDIN,63cvWayCvPbWYNDi537w0z,0,['korean r&b'],30763
Bebe Rexha,64M6ah0SkkRsnPGtGiRAbb,0,"['dance pop', 'pop']",8195745
 DAIAN,64TcjwY8J5UMIgQUEIWdP5,0,[],4
 HYNN,64jfAecBriamQmMs0WAKtj,0,['korean pop'],33777
Jessi,64k5e9kV9MdukXjFrR5R37,1,['k-pop'],1695211
 365LIT,65LSFEqRhq074aUBF1zF2e,0,"['k-rap', 'korean trap', 'korean underground rap']",5242
GEMINI,67IWlRdLy3UcfY3q968euj,0,['korean r&b'],156622
 Wale,67nwj3Y5sZQLl72VNUHEYE,0,"['pop rap', 'r&b', 'rap', 'southern hip hop', 'trap']",4126755
ATEEZ,68KmkJeZGfwe1OUaivBa2L,1,"['k-pop', 'k-pop boy group']",2852025
 OHHYUK,68TCVp5t1Dxi2TvNuYoYK0,0,['korean pop'],53935
VIBE,68ym0sOo7MazZxScbm1wtI,0,['korean pop'],22921
 Far East Movement,698hF4vcwHwPy8ltmXermq,0,"['asian american hip hop', 'dance pop', 'pop rap']",1147578
 REDDY,69H1Ooj2eBJXLTk3IEBV0v,0,['k-rap'],43355
 Coi Leray,6AMd49uBDJfhf30Ak2QR5s,0,"['new jersey underground rap', 'trap queen']",561082
 iann dior,6ASri4ePR7RlsvIQgWPJpS,0,['melodic rap'],1734756
 Leslie Grace,6BeO1KuAWBqFriL1mLHtNc,0,"['bachata', 'latin viral pop']",1189806
Onestar,6EmgTIhhXGtfAmYYTfdtlz,0,['korean pop'],27372
 Swings,6F5tPDq3TIduDv2ki6O1Oq,0,['k-rap'],86064
 Band Wonderlust,6FCcThPLoyy5q23FUEDYKp,0,[],201
 DJ Pumkin,6FzmP3yuDErhGqZ3CP6Fz0,0,[],416
Jung Kook,6HaGTQPmzraVmaVxvz6EUc,1,['k-pop'],7293779
 ASTER,6Jt9U8bJ56jqNdEKdLZ7Yw,0,[],1617
LEE MINHYUK (BTOB),6KIjwPp994JQ2LJ8IBvZPc,0,[],648
FTISLAND,6KhH771vq2X2Aom91nNzpZ,1,"['k-pop', 'k-pop boy group', 'k-rock']",464106
 Yoon Do Hyun,6KsmQPHXE3qhzNNBPSZ0eB,0,"['korean pop', 'korean singer-songwriter']",32961
 YEZI,6LPOT9C3gvGQHxlZtMLHHg,0,['k-pop'],132987
Dua Lipa,6M2wZ9GZgrQXHCFfjv46we,0,"['dance pop', 'pop', 'uk pop']",39760709
 SUNMI,6MoXcK2GyGg7FIyxPU5yW6,1,['k-pop'],2610558
KIM DONG HYUN,6NuAIYZptWXWUCAInxX6PU,0,[],31845
 태완,6OK3Lf8Ws6A4UdRw3lMNZo,0,[],57
 Imad Royal,6OgklJh1e1Z9S1Q2IQsHgy,0,[],15184
AKMU,6OwKE9Ez6ALxpTaKcT5ayv,1,['k-pop'],1297305
 Anthony Russo,6PFcrRZezCL5p9A0nwb7ki,0,"['chill pop', 'indie pop rap']",74267
CLC,6QyO41KctzGc70mVaVnXQO,1,"['k-pop', 'k-pop girl group', 'korean city pop']",1232715
 BOM,6R832bzzF3r6K5AsVsOwnF,0,[],2451
2FK,6RSlOhY5eAxezyo6cObiFd,0,[],7
 LUCAS,6S3tOdgtc5qz16hwmMjEBN,0,[],48431
 TAEYONG,6SKusTjOAPsTZ6kareKQdm,0,['k-pop'],1049443
 Wuki,6Se1y4vDcu9fVHLqdj1N3q,0,[],88267
 Minit,6TXbTOTnLFaF1iHywOaV1m,0,[],9326
SEO IN YOUNG,6UaKk8mT8NH0BuUTFIhxN7,1,['korean pop'],1573
BIBI,6UbmqUEgjLA6jAcXwbM1Z9,1,"['k-pop', 'korean r&b']",922020
 Rad Museum,6UdKtISMXYKSR8jcgtFePo,0,['korean r&b'],147419
F.CUZ,6UrHKmUKaKUnF7WiScbG6G,1,[],32478
SEO EUNKWANG,6Uug3azJYNwnLkO82CTTY2,0,['korean pop'],41477
Charlie Puth,6VuMaDnrHyPL1p4EHjYLi7,0,"['pop', 'viral pop']",20213766
 Dvwn,6WWUJGBY4ETAE22tRmgJ8b,0,['bedroom r&b'],202828
December,6WiANXryTQJOTCM3z8jENM,1,['korean pop'],9675
 Jung Yeol Kwon,6WymcE59cneCq28juiL850,0,[],44
 KEY,6XXKPxRX2WWPPtfodzpc2v,0,['k-pop'],587376
 Blase,6XsOOgLCtnkkOv2uhZXuB0,0,['k-rap'],25776
 aespa,6YVMFz59CuY7ngCxTxjpxE,1,"['k-pop', 'k-pop girl group']",3136068
E SENS,6a8cUmqOsXmjzq1aWKiVpH,0,['k-rap'],26955
 Crush,6aLdhHUqgdKE86xbtNmY8g,1,"['k-pop', 'korean r&b']",1125870
 Do Hee,6amUcIkH1FzHNdazkXPJfu,0,[],1
 Don Mills,6bIsFWNkjQvSm5P4rqlxKn,0,['k-rap'],13809
Louie,6c1vY77ByWunDNlvE77OJS,0,[],1165
 R3HAB,6cEuCEZu7PAE9ZSzLLc2oQ,0,"['dutch house', 'edm', 'electro house', 'pop dance', 'progressive electro house', 'slap house']",2472679
 Mayson The Soul,6cbHT70yhbyGwTQKJOH2iY,0,[],1107
4Minute,6cdC1cwqh3eJAXaxXJt2jv,1,"['k-pop', 'k-pop girl group']",1094391
 Yerin Baek,6dhfy4ByARPJdPtMyrUYJK,0,['korean pop'],543767
 Byung Un,6eJNQPPFPPuiLl0K35mptS,0,[],497
Ed Sheeran,6eUKZXaKkcviH0Ku9w2n3V,0,"['pop', 'uk pop']",111956794
 VERBAL,6eyG54lvijivzcKqSjZTtB,0,[],1848
JUNGKEY,6fTEkjuuZ3hH6fdeBxxbA2,0,"['k-indie', 'korean pop']",32396
 David Kim,6fqoFU6NahjZYW1m5HBub1,0,[],284
 Lexie Liu,6fs2or0cKLEM2xohWq8SoX,0,['chinese electropop'],128304
 CHEETAH,6ftZYkensUYXNiMM7nFwhE,0,['k-rap'],41049
MC MONG,6gEWl778wJTkq4Uk5eBvgD,0,"['k-rap', 'korean pop']",39153
SUPER JUNIOR,6gzXCdfYfFe5XKhPKkYqxV,1,"['k-pop', 'k-pop boy group']",2369370
 장한나,6hIrFuDMvnr5nNGqmwrB3V,0,[],30
 Geegooin,6i47wcSLvsZ9M01UO7zsua,0,"['k-rap', 'korean trap']",2226
 Woodie Gochild,6iLGJqxVgxxWsJe5bW4dxt,0,"['k-rap', 'korean r&b']",144187
 KAI,6iVo62B0bdTknRcrktCmak,0,['k-pop'],1039112
 Park Yu Chun Of JYJ,6iWOraHWSUnNDVXLPEytfZ,0,[],2
 Ji Yoon Jun,6jNj6Y6sIxigyIX0gmYg35,0,[],14
 Giorgio Moroder,6jU2Tt13MmXYk0ZBv1KmfO,0,['disco'],223313
CHANYEOL,6jV25rzTKQ2zMgrqHha1V5,1,['k-pop'],1779602
 MeloMance,6k4r73Wq8nhkCDoUsECL1e,0,"['k-pop', 'korean pop']",232563
King Kong,6kDCaFSkqskhFf9agShfSY,0,['old school dancehall'],7320
 No Brain,6keuCA49b9am8lisSodCh7,0,"['k-rock', 'korean punk']",8603
B.A.P,6kxCoNfY6U1eP0Yc88phvk,1,"['k-pop', 'k-pop boy group']",750929
 J. Cole,6l3HvQ5sa6mXTsMTB19rO5,0,"['conscious hip hop', 'hip hop', 'north carolina hip hop', 'rap']",20093571
 Linzy,6m9EewCnInHNApDOMhlwxM,0,[],30
TVXQ!,6nVMMEywS5Y4tsHPKx1nIo,1,"['k-pop', 'k-pop boy group']",809088
 SOLE,6naXFodImN2DwRmKCQHAUt,0,['korean r&b'],104749
GOT7,6nfDaffa50mKtEOwR8g4df,1,"['k-pop', 'k-pop boy group']",6559387
 Sojin,6oqIg9s1R1rEP5VsSqK0mw,0,[],689
 Hit-Boy,6q3p11nP1p80Ey6LrOOSed,0,['drumless hip hop'],68444
SS501,6rmMpoeu2SIV4OLURCOn2e,1,"['k-pop', 'k-pop boy group']",246690
Dmitri Shostakovich,6s1pCNXcbdtQJlsnM1hRIA,0,"['classical', 'compositional ambient', 'russian modern classical']",360113
 Supreme Boi,6sBiS0iWcCyMMgiYrEOxbt,0,[],7969
HYOJUNG,6seuyGQ3Fq56sS06YVPsOk,0,[],2309
Park Boram,6tvrEIVX5eKJlipdzt11wi,0,"['k-pop', 'korean pop']",143197
TAEYANG,6udveWUgX4vu75FF0DTrXV,1,"['k-pop', 'korean r&b']",1051292
 Nucksal,6v5cGuRCZKq08nLI4WXJuB,0,['k-rap'],40841
 French Montana,6vXTefBL93Dj5IqAWq6OTv,0,"['hip hop', 'pop rap', 'rap', 'southern hip hop', 'trap']",5011607
EXO-K,6wPBIyIIMxoqgux29bGF8I,1,"['k-pop', 'k-pop boy group']",1903847
DJ SODA,6wcoqJ63l11D2yV9ViqIZA,0,['korean electronic'],68519
 Sisqo,6x9QLdzo6eBZxJ1bHsDkjg,0,"['contemporary r&b', 'dirty south rap', 'hip pop', 'r&b', 'urban contemporary']",892928
 NSW yoon,6xlIFpRmRNDoVuFUqzuMFE,0,[],9059
 DASOM,6xxFNpc17jiiVZzOCgdLyv,0,[],1482
 Ra.D,6zPbaYJp7itQ8p0gPLqf2S,0,['korean pop'],28298
Junggigo,6zTIxEXFWjoNu2VXauDITb,0,['korean r&b'],100063
 Jung Yong Hwa,6zhAP0FoDccL9kuETOC20q,0,['korean pop'],206116
 10cm,6zn0ihyAApAYV51zpXxdEp,0,['korean pop'],470045
 MARK,70DFixYAFPv4Pf9kgSfR9O,0,[],509054
 J-Tong,70DqoppP3xK7LgtYiccxfZ,0,[],1105
Gbabson,70r4aIjcz5L3w0eVQXuDrY,0,[],62
 Lee Sung-kyung,71GtNPltMLFyPOXCfZf0TF,0,[],50
 dress,72b1XZ6SmDRgHEOB7ypw9z,0,"['k-indie', 'k-rap']",17088
 Biicla,72heZIc2iMXdpDwsTjTcCQ,0,[],9804
 Jun Hyo Seong,73RRzEpK7IQexOhC0CuTRZ,0,['k-pop'],86578
 Dimitri Vegas & Like Mike,73jBynjsVtofjRpdpRAJGk,0,"['belgian dance', 'belgian edm', 'big room', 'dutch house', 'edm', 'electro house', 'pop dance', 'progressive electro house']",3354069
 Buddy,74zjHeFm4yooE7SuemoFan,0,['partyschlager'],5466
 KaiKai Kim,75hyzstWgEHVhzaYda0gou,0,[],0
 GINJO,75vTLAnhUDaUwzjPCKvaJM,0,[],5652
 Cha Cha Malone,7632p5JJi58r3q9GfhqSyF,0,['seattle hip hop'],8141
 Sanchez (of Phantom),76EfJwRQeOeQ5aMh3FF7z4,0,[],15
 토끼,76JVW7YYK3nRTVvRxUalpI,0,[],2
 혜미,76yPSQzTmeCY5fCsrMFoSw,0,[],2
Steve Aoki,77AiFEVeAVj2ORpC85QVJs,0,"['edm', 'electro house', 'pop dance']",3750484
 “Toshihiro”,77E2NPxvVwvJIFCylUOLL1,0,[],3
 BRLLNT,78EdVeIJjaqrSJdEaps9rt,0,['korean r&b'],6642
Kingston Rudieska,78Je3yBmtLZlk0Uf8R5bWw,0,['korean indie rock'],6038
 HYOLYN,78sJswwVn4P8aEhkF4K6fQ,1,"['k-pop', 'korean r&b']",769346
 SEHUN,79R17q4kiPsimHDtdOlN2L,0,[],184818
 Hwayoung,79bfJJgSFky7U35QruEWMV,0,[],8
 건지,79xtZ56bsMOQwiTe5Ob1jD,0,[],79
 Lee sung kyung,7AqcQSFPIpFD44ZNRm22m4,0,[],1736
 Sunset Rollercoaster,7BqRcZsHYYQeqMAOp7e532,0,['taiwan indie'],377661
 尹美萊,7BrydByY8Q9MZjovkvRsCP,0,[],150
 YUJU,7Bu0r4MCDX3sbhcFD5IXyx,0,['korean ost'],164576
 HWANG MIN HYUN,7BwZlhJRHC1oVJr8lTxSLf,0,[],62364
 WOOGIE,7C0lSOS41UnTbnF7bMSEWN,0,"['k-rap', 'korean r&b']",89261
 DAWN 던,7DxCK6bwfQC3F2ajZ02R2F,0,['k-pop'],208583
 Siedah Garrett,7EVlecngyrLHfQUqFMpwkT,0,['freestyle'],8537
 Zelo,7F204LAlfQltTujbEj9wvu,0,[],3004
 Taylor,7FYjn4nNgjskhNaWoWl8uy,0,[],399
JEON WOONG,7HkRTmxvjlJxL3lEOSxpqN,0,[],47053
 TAE JIN A,7Hm7HaPth1NwFOU9BJXbhG,0,['trot'],65
 ASH ISLAND,7IEhlwWQA7pCkEvzwwHehE,0,['k-rap'],241263
 Beenzino,7IrDIIq3j04exsiF3Z7CPg,0,"['k-rap', 'korean r&b']",214276
 Andrew Choi,7JBaynR7JFeniONqbnn1U4,0,[],252
 Dong Ho,7JlxObEsleDXA54OFIl9zj,0,[],1
B-BOMB,7KC0o9xFJZXim13nVLNH4c,0,[],844
 Maddox,7KieZTca53gfdVzwdODV2L,0,['korean r&b'],54590
 Dumbfoundead,7LTShHcq1KdTrWeLvWoYed,0,"['asian american hip hop', 'battle rap', 'k-rap']",130449
KIM JAE HWAN,7LdZwtnhfB1GoC9SE9tvyb,1,[],152673
 YOO SUNGEUN,7M5YdBeK8dsO39SHHvOYy8,0,[],34
 Boi B,7MJnvH71CgBGCN9obN4aY5,0,['k-rap'],8826
 Lena Park,7MNyflLAWpaH0EPw1fdORD,0,['korean pop'],35178
Play-N-Skillz,7MP4jhYmFEgb0AtiOkw55s,0,['chicano rap'],24037
 JUNG ILHOON,7McwKT2tZl8LMXUQRH3YDM,0,['k-rap'],47866
 Jo Hyun Ah,7aVeZFWXIC3g4b0Tn68ZtI,0,[],5342
KARA,7aZ221EQfonNG2lO9Hh192,1,"['k-pop', 'k-pop girl group']",540113
 Joon Park,7bAEUNjhgSKLTp5dos6Pcb,0,[],92
 DPR CREAM,7bPplWv4cZ1q26UY2Wmcvw,0,['korean r&b'],91569
 Jukjae,7bWYN0sHvyH7yv1uefX07U,0,['korean pop'],80824
 Hwa Sa,7bmYpVgQub656uNTu6qGNQ,1,"['k-pop', 'korean talent show']",4013680
"Car, the garden",7c1HgFDe8ogy5NOZ1ANCJQ,0,"['k-indie', 'korean pop']",137239
 BIG Naughty,7cEaNXXTHx3LokbjUUyHal,0,[],286344
LeeHi,7cVZApDoQZpS447nHTsNqu,1,['k-pop'],1498012
 JC Ji IEun,7cdcW3AcUmDFc04gzypFjL,0,[],15
 nafla (나플라),7ckGYpVRexH6vHHrBuKJs0,0,[],0
NCT 127,7f4ignuCJhLXfZ9giKT7rH,1,"['k-pop', 'k-pop boy group']",6636723
 트리키,7fCSy7Had5Fs540ilzxV20,0,[],103
 Seungrae,7g5FyggODL4LruwJvqx4yh,0,[],526
 Snoop Dogg,7hJcb9fa4alzcOq3EaNPoG,0,"['g funk', 'gangster rap', 'hip hop', 'pop rap', 'rap', 'west coast rap']",9674113
 Sang Chu,7huWrzf0u8uNCNY5yoe0Ko,0,[],20
 Eric Bellinger,7ibAWtDtmEfaVhc1FJ3Vl9,0,"['pop r&b', 'r&b']",798474
 BOBBY,7ieMQQDR0bdBPz572mtxwS,1,['k-pop'],879008
Sung Si Kyung,7jFUYMpMUBDL4JQtMZ5ilc,0,['korean pop'],200425
 Jessica,7jPVuaaHLs4QVSuN561jZt,0,['k-pop'],384624
Lil Nas X,7jVv8c5Fj3E9VhNjxT4snq,0,['lgbtq+ hip hop'],12416476
 Kim Jong Wan of NELL,7ksQJtsXSRSrI5306UwIgH,0,"['korean ost', 'korean pop']",37511
 Jung Seung Hwan,7l8rOFwZFQ3G0sgZ7gjGng,0,['korean pop'],231042
 SEAN OH,7lCMxLzay3subrSfwEcZxc,0,[],84
 Hoody,7lXgbtBDcCRbfc5f8FhGUL,0,['korean r&b'],371230
 Realslow,7luxe2wCwtDtkKSP8ZhPLn,0,"['classic k-pop', 'korean pop']",39552
 Aki,7m8uqplhTME9fSFztWBjNV,0,[],1
 YOOK SUNGJAE,7mFGOWJEkdlJBCXcJ5EWi9,0,"['korean pop', 'korean r&b']",64449
TWICE,7n2Ycct7Beij7Dj7meI4X0,1,"['k-pop', 'k-pop girl group', 'pop']",17544057
 P-Type,7ngC61jtmmjDi2vbJRG3yq,0,"['k-rap', 'korean old school hip hop']",8223
SEVENTEEN,7nqOGRxlXj7N2JYbgNEjYH,1,"['k-pop', 'k-pop boy group']",9155169
 Manager,7o4KDqFA1r5ddafrK5hgmt,0,[],101
 J.UNA,7oppHhvVWHX7WeGYjEOL6y,0,[],14290
DJ Wegun,7p552gLGzaDKXB5sETgTEP,0,['k-rap'],13768
 Desiigner,7pFeBzX627ff0VnN6bxPR4,0,"['pop rap', 'rap', 'southern hip hop', 'trap', 'viral trap']",3480815
Basick,7pXKdkQsYFCMG2omRxheJ2,0,['k-rap'],42240
SKULL,7qKWQnE3S7v8m3rLwMVdGg,0,[],2671
 Wolftyla,7qd6KGoABHifvXKeFNe2Yb,0,['trap queen'],61870
 DAVII,7qvsi3nQ5V6Np0MdEpdmoc,0,[],9507
 Frants,7qxLQ0CByGfbd3HdL7ilR8,0,[],604
LIM YOUNG MIN,7s72t76jrvQLHUiYraBSZ0,0,[],36545
 MIYAVI,7sBtBCNVRujQhaHDODkfTN,0,['visual kei'],285385
 ILHOON,7sJo6hfTWCOyvr4aRbAgeG,0,[],5
 ONEW,7sZ5ipSoboWdqXkdj6AXHo,0,['k-pop'],417428
 Lil Jon,7sfl4Xt5KmfyDs2T3SVSMK,0,"['atl hip hop', 'crunk', 'dance pop', 'dirty south rap', 'old school atlanta hip hop', 'pop rap', 'southern hip hop', 'trap']",1413267
 Muni Long,7tjVFCxJdwT4NdrTmjyjQ6,0,['indie r&b'],242130
Lewie,7tvCXmeh7MlNtmfKMN2H8Q,0,[],1939
 Jonasu,7u4ayw4QFEsolPxZgnPAMT,0,"['dutch edm', 'uk dance']",13796
 DallasK,7uas0F5EhsZg6KDJ7yy7rW,0,"['complextro', 'electro house', 'pop edm', 'progressive electro house', 'sky room']",44314
 Alan Walker,7vk5e3vY1uw9plTHJAMwjN,0,['electro house'],37874768
Gallant,7wFDo161xYdeaiLz3KIHoM,0,[],302064
 myunDo,7wqsGqGaU61FzNh62mbWXz,0,['k-rap'],8211
RAINBOW,7xDyxRXgFgOZhdtLtkYR1y,1,['k-pop girl group'],24101
 Viann,7yRs5f61v5AwXwVlUQ7bNE,0,[],1322
 Sai Sai Kham Leng,7yVauL0WNAnLDBz8SF8JXa,0,['burmese pop'],20991
 최현석,7ywGEr53ogVxLibBcb82JV,0,[],909
JEON SOMI,7zYj9S9SdIunYCfSm7vzAR,1,['k-pop'],1874446
 Francis,7zzvUdZZP6wcZ1gD3SpmDl,0,[],148
