,Spotify_ID
0,3Nrfpe0tUJi4K4DXYWgMUX
1,41MozSoPIsD1dJM0CLPjZF
2,7n2Ycct7Beij7Dj7meI4X0
3,2dIgFjalVxs4ThymZ67YCE
4,7nqOGRxlXj7N2JYbgNEjYH
5,0ghlgldX5Dd6720Q3qFyQB
6,5t5FqBwTcgKTaWmfEbwQY9
7,2KC9Qb60EaY0kW4eH68vr3
8,6HaGTQPmzraVmaVxvz6EUc
9,2AfmfGFbe0A0WsTYm0SDTx
10,1z4g3DjTBBZKhvAroFlhOM
11,6YVMFz59CuY7ngCxTxjpxE
12,5L1lO4eRHmJ7a0Q6csE5cT
13,6RHTUrRF63xao58xh9FXYJ
14,1gBUSTR3TyDdTVFIaQnc02
15,0b1sIQumIAsNbqAoIClSpy
16,3HqSLMAZ3g3d5poNaI7GOU
17,68KmkJeZGfwe1OUaivBa2L
18,7f4ignuCJhLXfZ9giKT7rH
19,3cjEqqelV9zb4BYE3qDQ4O
20,3KonOYiLsU53m4yT7gNotP
21,3JsHnjpbhX4SnySpvpa9DK
22,3qNVuliS40BLgXGxhdBdqu
23,4SpbR6yFEvexJuaBpgAU5p
24,6HvZYsbFfjnjFrWF950C9d
25,01XYiBYaoMJcNhPokrg0l0
26,2dd5mrQZvg6SmahdgVKDzh
27,4Kxlr1PRlDKEB0ekOCyHgX
28,4TnGh5PKbSjpYqpIdlW5nz
29,5R7AMwDeroq6Ls0COQYpS4
30,52zMTJCKluDlFwMQWmccY7
31,64k5e9kV9MdukXjFrR5R37
32,5RmQ8k4l3HZ8JoPb4mNsML
33,4XDi67ZENZcbfKnvMnTYsI
34,3OBkZ9NG8F0Fn4oNpg0yuU
35,0Sadg1vgvaPqGTOjxu0N6c
36,0XATRDCYuuGhk0oE7C0o5G
37,1VwDG9aBflQupaFNjUru9A
38,1oSPZhvZMIrWW5I41kPkkY
39,6UbmqUEgjLA6jAcXwbM1Z9
40,5TnQc2N1iKlFjYD7CPGvFc
41,28ot3wh4oNmoFOdVajibBl
42,5vV3bFXnN6D6N3Nj4xRvaV
43,6nfDaffa50mKtEOwR8g4df
44,7cVZApDoQZpS447nHTsNqu
45,2o8gT0fQmFxGNbowbdgeZe
46,7zYj9S9SdIunYCfSm7vzAR
47,5V1qsQHdXNm4ZEZHWvFnqQ
48,3paGCCtX1Xr4Gx53mSeZuQ
49,2PSJ6YriU7JsFucxACpU7Y
157,5qRSs6mvI17zrkJpOHkCoM
160,5RR0MLwcjc87wjSw2JYdwx
161,2hRQKC0gqlZGPrmUKbcchR
163,5DuzBeOgFwViFcv00Q5PFb
164,6gzXCdfYfFe5XKhPKkYqxV
166,48eO052eSDcn8aTxiv6QaG
169,2CvaqAMMsX576VBehaJ0Wx
170,6MoXcK2GyGg7FIyxPU5yW6
173,3eCd0TZrBPm2n9cDG6yWfF
175,1wKpMkucynaTfG8lyPprYV
177,1foL9hLC9M6U94dINtOYfb
179,1xs6WFotNQSXweo0GXrS0O
180,2JhAlkmukNvarUpGhTFXUQ
181,0qlWcS66ohOIi0M8JZwPft
182,30b9WulBM8sFuBo17nNq9c
184,5rGgflnIpRNizTCozbYBuY
185,3UwlejyX2b458azZ7eCnHb
186,1l0mKo96Jh9HVYONcRl3Yp
187,13rF01aOogvnkuQXOlgTW8
188,3Lz3vEN23Fw0hIelrYEzUD
189,6udveWUgX4vu75FF0DTrXV
191,6aLdhHUqgdKE86xbtNmY8g
192,2FLqlgckDKdmpBrvLAT5BM
193,2auC28zjQyVTsiZKNgPRGs
194,6jV25rzTKQ2zMgrqHha1V5
195,4k5fFEYgkWYrYvtOK3zVBl
196,4XpUIb8uuNlIWVKmgKZXC0
198,5dCvSnVduaFleCnyy98JMo
199,5BkB3rXc0qIdUtuEnhbK0A
200,2hcsKca6hCfFMwwdbFvenJ
201,6OwKE9Ez6ALxpTaKcT5ayv
202,78sJswwVn4P8aEhkF4K6fQ
203,6RKnXXyprPjhBdCvL802Ku
204,4RnezwRV7VBJUCI1S0AE5u
205,3uGFTJ7JMllvhgGpumieHF
206,4pz4uzOMpJQyV8UTsDy4H8
208,2wTLheTmMcFCA4hdY8hZJP
209,5snNHNlYT2UrtZo5HCJkiw
210,2uWcrwgWmZcQc3IPBs3tfU
211,6QyO41KctzGc70mVaVnXQO
212,5HenzRvMtSrgtvU16XAoby
213,0siBQaURCli5wn2lqv8WZg
214,54gWVQFHf8IIqbjxAoOarN
215,4muJrGMndyYWqZtfk8OWy4
216,2e4G04F77jxVuDYo44TCSm
217,5DIi2JWfQPTKffaVBlIYRn
218,1mORehSVEd7lcaT2d7Sl2K
219,7LOmc7gyMVMOWF8qwEdn2X
221,4z6yrDz5GfKXkeQZjOaZdq
222,0UEP2XBR9aC5NBKcAKnBIq
224,6kxCoNfY6U1eP0Yc88phvk
226,3wRA5UYoo08BBKJnzyKkpF
227,6wPBIyIIMxoqgux29bGF8I
228,1sjw4xq2pAWy5Vdgba5QAt
229,57okaLdCtv3nVBSn5otJkp
231,6nVMMEywS5Y4tsHPKx1nIo
232,1bkpTEmumLC3xc7HgMsttU
233,4U80LJd8sG6U9YTFP5izka
235,6cdC1cwqh3eJAXaxXJt2jv
236,0tzSBCPJZmHTdOA3ZV2mN3
237,5na1LmEmK2VzNLje9snJYW
238,1dOMFM5wDNsENQQW0nl0K8
239,1R52cwGf75yTf7I3Q0Irf8
240,0dTj3SqwE8kPnCzyzvYzhT
241,3b4kLCI0ZJW47TFsNRqgCb
242,3sxWOFw4MSN54SIQ8np6iG
243,1sVSMPPNMMSZ7cQNfbvMOe
244,6VJXRJvRRyLv99RZbXJ8RO
245,1klFdLh3pak3eOtJP0styY
246,20j1uz7iDOtIvIzCr5S8nx
247,0gdWU9IX6LIiuPvXh95pas
248,3ErHVJMsxTq2lLSmnONBm9
249,7ieMQQDR0bdBPz572mtxwS
453,3Cv2vi3WTl8VZOTdrBkKdM
466,1BEohdSWSBggmO979tzRwW
471,7aZ221EQfonNG2lO9Hh192
477,2GEPtT5RDxrmdi0A4mbDi7
484,6dCz3spfpIvqqqsIoP6wXi
494,1loWI8jVk9btgJXHgqHXPD
498,3offPqpKAKmpQkIdWnjzkc
499,1Pr9gT0veB2tgcisQeIGoC
504,6rmMpoeu2SIV4OLURCOn2e
505,5iRPbkcPmqAFFwDUj6ywVS
507,14yLuCwlBqteUdBqx9soJV
508,3e3oLJehq4vQl2H0FAJnvn
521,13kJgvU22LHMsJtGWLmx7W
528,3hzcooxMtbApMTvvn6XKVA
532,5SnaL8SsjGMHQNyqpa8Zos
534,503DjcVO5Ku1NgLPhVuNg7
537,14f1WN9TUDVBK4sHUStmLG
549,4WItSECPefckW11qSnZXyv
755,4y0wFJ5jmCUNRLZfsw1I7g
771,3hvinNZRzTLoREmqFiKr1b
772,6ZsTqFoNYY6cyRcKnvOu3A
774,0ODX6aegsZkBmBeMA5qqwi
775,10xsuRNvidaOLxWd3fRIel
778,6WiANXryTQJOTCM3z8jENM
779,3ZZzT0naD25RhY2uZvIKkJ
783,6UrHKmUKaKUnF7WiScbG6G
784,6KhH771vq2X2Aom91nNzpZ
789,6ZIq3nMhCA0fuOyhki8FVO
790,0hRHbwZ0xSwfVHl4FTv7jq
791,7lHJGLY9oGWjH6j05BLnt7
792,3TW9U1f93tpGBsEtCSf7JG
793,08JUr2CwqQou19WWRqScKX
794,7bmYpVgQub656uNTu6qGNQ
798,5r1tUTxVSgvBHnoDuDODPH
799,529ZdRwFoSKtQ0LPwKxGiu
801,6ManwBDLto2d2jMmGM0Gln
802,5vGoWnZO65NBgiZYBmi3iW
805,4T9AuhR3YqSqaPgXzPiAuH
806,7LdZwtnhfB1GoC9SE9tvyb
807,4dvmLXorXADxVq8EcySEWk
809,4FjoOJAndC0s9ZJUo6VGc5
810,12AUp9oqeJDhNfO6IhQiNi
811,75MOYjGEyyH5U4ZFHOPvxR
812,3g34PW5oNmDBxMVUTzx2XK
815,2akjyFVLS8J29MeknQggyK
818,2ZmXexIJAD7PgABrj0qQRb
820,55tJwpPIz9BMrSLM45iEXX
821,1iQfn1B8V25iQoolQakyAZ
822,2019zR22qK2RBvCqtudBaI
823,3uHb6dRazmcaT15bMexUtt
824,1TTx0YcbKUtJIZY1HEnh9B
825,7xDyxRXgFgOZhdtLtkYR1y
827,7c9BsV6rPkZhQpGXBOeZXx
829,3Mbxr8TL0Sny7dUNicKWm2
830,6UaKk8mT8NH0BuUTFIhxN7
835,2MY1GcYSTw3QH2C1Umzsq0
836,5lvNsrcLos9vZpLQCJk4YK
838,1rTwKjYcA7diHAD2c8ZozT
843,1Y02Ts0nV3DTziLQZYVX4V
846,0CmvFWTX9zmMNCUi6fHtAx
849,2GB76Lm833jVI5kLvKEB7Z
850,2HDRkPTO5A59sFcC2ROGbw
854,6lGfLCig2b5mvDTtsPSrb0
